-- phpMyAdmin SQL Dump
-- version 5.2.1
-- https://www.phpmyadmin.net/
--
-- Host: 127.0.0.1
-- Gegenereerd op: 16 dec 2025 om 09:10
-- Serverversie: 10.4.32-MariaDB
-- PHP-versie: 8.2.12

SET SQL_MODE = "NO_AUTO_VALUE_ON_ZERO";
START TRANSACTION;
SET time_zone = "+00:00";


/*!40101 SET @OLD_CHARACTER_SET_CLIENT=@@CHARACTER_SET_CLIENT */;
/*!40101 SET @OLD_CHARACTER_SET_RESULTS=@@CHARACTER_SET_RESULTS */;
/*!40101 SET @OLD_COLLATION_CONNECTION=@@COLLATION_CONNECTION */;
/*!40101 SET NAMES utf8mb4 */;

--
-- Database: `mhl`
--

-- --------------------------------------------------------

--
-- Tabelstructuur voor tabel `c`
--

CREATE TABLE `c` (
  `id` int(11) NOT NULL,
  `commune_ID` int(11) NOT NULL DEFAULT 0,
  `city_name` varchar(100) DEFAULT NULL
) ENGINE=InnoDB DEFAULT CHARSET=utf8 COLLATE=utf8_general_ci COMMENT='Plaatsnamen per gemeente';

--
-- Gegevens worden geëxporteerd voor tabel `c`
--

INSERT INTO `c` (`city_name`, `commune_name`) VALUES
('vinkeveen', 'de Ronde Venen'),
('zwanenburg', 'haarlemmermeer'),
('barendrecht', 'barendrecht'),
('herten', 'roermond'),
('vlaardingen', 'vlaardingen'),
('bemmel', 'lingewaard'),
('geldrop', 'geldrop-Mierlo'),
('Valkenburg', 'valkenburg aan de Geul'),
('bergen op Zoom', 'bergen op Zoom'),
('oud Gastel', 'halderberge'),
('de Meern', 'utrecht'),
('neer', 'leudal'),
('reeuwijk', 'bodegraven-Reeuwijk'),
('abcoude', 'de Ronde Venen'),
('baarn', 'baarn'),
('zwaag', 'hoorn'),
('weert', 'weert'),
('apeldoorn', 'apeldoorn'),
('maarssen', 'stichtse Vecht'),
('nieuwegein', 'nieuwegein'),
('broek op Langedijk', 'langedijk'),
('denekamp', 'dinkelland'),
('waterlandkerkje', 'sluis'),
('nieuw-Buinen', 'borger-Odoorn'),
('arcen', 'arcen en Velden'),
('nieuwerkerk', 'schouwen-Duiveland'),
('heesch', 'bernheze'),
('amerongen', 'utrechtse Heuvelrug'),
('amstelveen', 'amstelveen'),
('lichtenvoorde', 'oost Gelre'),
('raamsdonksveer', 'geertruidenberg'),
('breukelen', 'stichtse Vecht'),
('sittard', 'sittard-Geleen'),
('de Klomp', 'ede'),
('aa en Hunze', 'aa en Hunze'),
('aalburg', 'aalburg'),
('aalsmeer', 'aalsmeer'),
('aalten', 'aalten'),
('achtkarspelen', 'achtkarspelen'),
('alblasserdam', 'alblasserdam'),
('albrandswaard', 'albrandswaard'),
('alkmaar', 'alkmaar'),
('almelo', 'almelo'),
('almere', 'almere'),
('alphen aan den Rijn', 'alphen aan den Rijn'),
('alphen-Chaam', 'alphen-Chaam'),
('ameland', 'ameland'),
('amersfoort', 'amersfoort'),
('amsterdam', 'amsterdam'),
('appingedam', 'appingedam'),
('arcen en Velden', 'arcen en Velden'),
('arnhem', 'arnhem'),
('assen', 'assen'),
('asten', 'asten'),
('barneveld', 'barneveld'),
('bedum', 'bedum'),
('beek (l)', 'beek (L)'),
('beemster', 'beemster'),
('beesel', 'beesel'),
('bellingwedde', 'bellingwedde'),
('bergambacht', 'bergambacht'),
('bergeijk', 'bergeijk'),
('berkelland', 'berkelland'),
('bernheze', 'bernheze'),
('bernisse', 'bernisse'),
('best', 'best'),
('beuningen', 'beuningen'),
('beverwijk', 'beverwijk'),
('binnenmaas', 'binnenmaas'),
('bladel', 'bladel'),
('blaricum', 'blaricum'),
('bloemendaal', 'bloemendaal'),
('boarnsterhim', 'boarnsterhim'),
('bodegraven-Reeuwijk', 'bodegraven-Reeuwijk'),
('boekel', 'boekel'),
('borger-Odoorn', 'borger-Odoorn'),
('borne', 'borne'),
('borsele', 'borsele'),
('boskoop', 'boskoop'),
('boxmeer', 'boxmeer'),
('boxtel', 'boxtel'),
('breda', 'breda'),
('brielle', 'brielle'),
('bronckhorst', 'bronckhorst'),
('brummen', 'brummen'),
('brunssum', 'brunssum'),
('bunnik', 'bunnik'),
('bunschoten', 'bunschoten'),
('buren', 'buren'),
('bussum', 'bussum'),
('capelle aan den IJssel', 'capelle aan den IJssel'),
('castricum', 'castricum'),
('coevorden', 'coevorden'),
('cranendonck', 'cranendonck'),
('cromstrijen', 'cromstrijen'),
('cuijk', 'cuijk'),
('culemborg', 'culemborg'),
('dalfsen', 'dalfsen'),
('dantumadiel', 'dantumadiel'),
('de Bilt', 'de Bilt'),
('de Marne', 'de Marne'),
('de Ronde Venen', 'de Ronde Venen'),
('de Wolden', 'de Wolden'),
('delft', 'delft'),
('delfzijl', 'delfzijl'),
('den Bosch', 'den Bosch'),
('den Haag', 'den Haag'),
('den Helder', 'den Helder'),
('deurne', 'deurne'),
('deventer', 'deventer'),
('diemen', 'diemen'),
('dinkelland', 'dinkelland'),
('dirksland', 'dirksland'),
('doesburg', 'doesburg'),
('doetinchem', 'doetinchem'),
('dongen', 'dongen'),
('dongeradeel', 'dongeradeel'),
('drechterland', 'drechterland'),
('drimmelen', 'drimmelen'),
('dronten', 'dronten'),
('druten', 'druten'),
('duiven', 'duiven'),
('echt-Susteren', 'echt-Susteren'),
('ede', 'ede'),
('eemnes', 'eemnes'),
('eemsmond', 'eemsmond'),
('eersel', 'eersel'),
('eijsden-Margraten', 'eijsden-Margraten'),
('eindhoven', 'eindhoven'),
('elburg', 'elburg'),
('emmen', 'emmen'),
('enkhuizen', 'enkhuizen'),
('enschede', 'enschede'),
('epe', 'epe'),
('ermelo', 'ermelo'),
('etten-Leur', 'etten-Leur'),
('ferwerderadiel', 'ferwerderadiel'),
('franekeradeel', 'franekeradeel'),
('gaasterlan-Sleat', 'gaasterlan-Sleat'),
('geertruidenberg', 'geertruidenberg'),
('geldermalsen', 'geldermalsen'),
('geldrop-Mierlo', 'geldrop-Mierlo'),
('gemert-Bakel', 'gemert-Bakel'),
('gennep', 'gennep'),
('giessenlanden', 'giessenlanden'),
('gilze en Rijen', 'gilze en Rijen'),
('goedereede', 'goedereede'),
('goes', 'goes'),
('goirle', 'goirle'),
('gorinchem', 'gorinchem'),
('gouda', 'gouda'),
('molenland', 'molenland'),
('graft-de Rijp', 'graft-de Rijp'),
('grave', 'grave'),
('groesbeek', 'groesbeek'),
('groningen', 'groningen'),
('grootegast', 'grootegast'),
('gulpen-Wittem', 'gulpen-Wittem'),
('haaksbergen', 'haaksbergen'),
('haaren', 'haaren'),
('haarlem', 'haarlem'),
('haarlemmerliede en Spaarnwoude', 'haarlemmerliede en Spaarnwoude'),
('haarlemmermeer', 'haarlemmermeer'),
('halderberge', 'halderberge'),
('hardenberg', 'hardenberg'),
('harderwijk', 'harderwijk'),
('hardinxveld-Giessendam', 'hardinxveld-Giessendam'),
('haren', 'haren'),
('harenkarspel', 'harenkarspel'),
('harlingen', 'harlingen'),
('hattem', 'hattem'),
('heemskerk', 'heemskerk'),
('heemstede', 'heemstede'),
('heerde', 'heerde'),
('heerenveen', 'heerenveen'),
('heerhugowaard', 'heerhugowaard'),
('heerlen', 'heerlen'),
('heeze-Leende', 'heeze-Leende'),
('heiloo', 'heiloo'),
('hellendoorn', 'hellendoorn'),
('hellevoetsluis', 'hellevoetsluis'),
('helmond', 'helmond'),
('hendrik-Ido-Ambacht', 'Hendrik-Ido-Ambacht'),
('hengelo (ov)', 'hengelo (ov)'),
('het Bildt', 'het Bildt'),
('heumen', 'heumen'),
('heusden', 'heusden'),
('hillegom', 'hillegom'),
('hilvarenbeek', 'hilvarenbeek'),
('hilversum', 'hilversum'),
('hof van Twente', 'hof van Twente'),
('hollands Kroon', 'hollands Kroon'),
('hoogeveen', 'hoogeveen'),
('hoogezand-Sappemeer', 'hoogezand-Sappemeer'),
('hoorn', 'hoorn'),
('horst aan de Maas', 'horst aan de Maas'),
('houten', 'houten'),
('huizen', 'huizen'),
('hulst', 'hulst'),
('IJsselstein', 'IJsselstein'),
('kaag en Braassem', 'kaag en Braassem'),
('kampen', 'kampen'),
('kapelle', 'kapelle'),
('katwijk', 'katwijk'),
('kerkrade', 'kerkrade'),
('koggenland', 'koggenland'),
('kollumerland en Nieuwkruisland', 'kollumerland en Nieuwkruisland'),
('korendijk', 'korendijk'),
('krimpen aan den IJssel', 'krimpen aan den IJssel'),
('laarbeek', 'laarbeek'),
('landerd', 'landerd'),
('landgraaf', 'landgraaf'),
('landsmeer', 'landsmeer'),
('langedijk', 'langedijk'),
('lansingerland', 'lansingerland'),
('laren (nh)', 'laren'),
('leek', 'leek'),
('leerdam', 'leerdam'),
('leeuwarden', 'leeuwarden'),
('leeuwarderadeel', 'leeuwarderadeel'),
('leiden', 'leiden'),
('leiderdorp', 'leiderdorp'),
('leidschendam-Voorburg', 'leidschendam-Voorburg'),
('lelystad', 'lelystad'),
('lemsterland', 'lemsterland'),
('leudal', 'leudal'),
('leusden', 'leusden'),
('lingewaal', 'lingewaal'),
('lingewaard', 'lingewaard'),
('lisse', 'lisse'),
('littenseradiel', 'littenseradiel'),
('lochem', 'lochem'),
('loon op Zand', 'loon op Zand'),
('lopik', 'lopik'),
('loppersum', 'loppersum'),
('losser', 'losser'),
('maasdonk', 'maasdonk'),
('maasdriel', 'maasdriel'),
('maasgouw', 'maasgouw'),
('maassluis', 'maassluis'),
('maastricht', 'maastricht'),
('marum', 'marum'),
('medemblik', 'medemblik'),
('meerssen', 'meerssen'),
('menameradiel', 'menaldumadeel'),
('menterwolde', 'menterwolde'),
('middelburg', 'middelburg'),
('middelharnis', 'middelharnis'),
('midden-Delfland', 'midden-Delfland'),
('midden-Drenthe', 'midden-Drenthe'),
('mill en Sint Hubert', 'mill en Sint Hubert'),
('millingen aan de Rijn', 'millingen aan de Rijn'),
('moerdijk', 'moerdijk'),
('montferland', 'montferland'),
('montfoort', 'montfoort'),
('mook en Middelaar', 'mook en Middelaar'),
('muiden', 'muiden'),
('naarden', 'naarden'),
('neder-Betuwe', 'neder-Betuwe'),
('nederlek', 'nederlek'),
('nederweert', 'nederweert'),
('neerijnen', 'neerijnen'),
('nieuwkoop', 'nieuwkoop'),
('nijkerk', 'nijkerk'),
('nijmegen', 'nijmegen'),
('noord-Beveland', 'noord-Beveland'),
('noordenveld', 'noordenveld'),
('noordoostpolder', 'noordoostpolder'),
('noordwijk', 'noordwijk'),
('noordwijkerhout', 'noordwijkerhout'),
('nuenen, Gerwen en Nederwetten', 'nuenen, Gerwen en Nederwetten'),
('nunspeet', 'nunspeet'),
('nuth', 'nuth'),
('oegstgeest', 'oegstgeest'),
('oirschot', 'oirschot'),
('oisterwijk', 'oisterwijk'),
('oldambt', 'oldambt'),
('oldebroek', 'oldebroek'),
('oldenzaal', 'oldenzaal'),
('olst-Wijhe', 'olst-Wijhe'),
('ommen', 'ommen'),
('onderbanken', 'onderbanken'),
('oost Gelre', 'oost Gelre'),
('oosterhout', 'oosterhout'),
('oostflakkee', 'oostflakkee'),
('ooststellingwerf', 'ooststellingwerf'),
('oostzaan', 'oostzaan'),
('opsterland', 'opsterland'),
('oss', 'oss'),
('oud-Beijerland', 'oud-Beijerland'),
('oude IJsselstreek', 'oude IJsselstreek'),
('ouder-Amstel', 'ouder-Amstel'),
('ouderkerk', 'ouderkerk'),
('overbetuwe', 'overbetuwe'),
('papendrecht', 'papendrecht'),
('peel en Maas', 'peel en Maas'),
('pekela', 'pekela'),
('pijnacker-Nootdorp', 'pijnacker-Nootdorp'),
('purmerend', 'purmerend'),
('putten', 'putten'),
('raalte', 'raalte'),
('reimerswaal', 'reimerswaal'),
('renkum', 'renkum'),
('renswoude', 'renswoude'),
('ridderkerk', 'ridderkerk'),
('rijnwaarden', 'rijnwaarden'),
('rijnwoude', 'rijnwoude'),
('rijssen-Holten', 'rijssen-Holten'),
('rijswijk', 'rijswijk'),
('roerdalen', 'roerdalen'),
('roermond', 'roermond'),
('roosendaal', 'roosendaal'),
('rotterdam', 'rotterdam'),
('rozendaal', 'rozendaal'),
('rucphen', 'rucphen'),
('schagen', 'schagen'),
('schermer', 'schermer'),
('scherpenzeel', 'scherpenzeel'),
('schiedam', 'schiedam'),
('schiermonnikoog', 'schiermonnikoog'),
('schijndel', 'schijndel'),
('schinnen', 'schinnen'),
('schoonhoven', 'schoonhoven'),
('schouwen-Duiveland', 'schouwen-Duiveland'),
('simpelveld', 'simpelveld'),
('sint Anthonis', 'sint Anthonis'),
('sint-Michielsgestel', 'sint-Michielsgestel'),
('sint-Oedenrode', 'sint-Oedenrode'),
('sittard-Geleen', 'sittard-Geleen'),
('sliedrecht', 'sliedrecht'),
('slochteren', 'slochteren'),
('sluis', 'sluis'),
('smallingerland', 'smallingerland'),
('soest', 'soest'),
('someren', 'someren'),
('son en Breugel', 'son en Breugel'),
('spijkenisse', 'spijkenisse'),
('stadskanaal', 'stadskanaal'),
('staphorst', 'staphorst'),
('stede Broec', 'stede Broec'),
('steenbergen', 'steenbergen'),
('steenwijkerland', 'steenwijkerland'),
('stein', 'stein'),
('stichtse Vecht', 'stichtse Vecht'),
('strijen', 'strijen'),
('sudwest Fryslan', 's&uacute;dwest-Frysl&acirc;n'),
('ten Boer', 'ten Boer'),
('terneuzen', 'terneuzen'),
('terschelling', 'terschelling'),
('texel', 'texel'),
('teylingen', 'teylingen'),
('tholen', 'tholen'),
('tiel', 'tiel'),
('tilburg', 'tilburg'),
('tubbergen', 'tubbergen'),
('twenterand', 'twenterand'),
('tynaarlo', 'tynaarlo'),
('tytsjerksteradiel', 'tytsjerksteradiel'),
('ubbergen', 'ubbergen'),
('uden', 'uden'),
('uitgeest', 'uitgeest'),
('uithoorn', 'uithoorn'),
('urk', 'urk'),
('utrecht', 'utrecht'),
('utrechtse Heuvelrug', 'utrechtse Heuvelrug'),
('vaals', 'vaals'),
('Valkenburg aan de Geul', 'valkenburg aan de Geul'),
('valkenswaard', 'valkenswaard'),
('veendam', 'veendam'),
('veenendaal', 'veenendaal'),
('veere', 'veere'),
('veghel', 'veghel'),
('veldhoven', 'veldhoven'),
('velsen', 'velsen'),
('venlo', 'venlo'),
('venray', 'venray'),
('vianen', 'vianen'),
('vlagtwedde', 'vlagtwedde'),
('vlieland', 'vlieland'),
('vlissingen', 'vlissingen'),
('vlist', 'vlist'),
('vleuten-de Meern', 'utrecht'),
('voerendaal', 'voerendaal'),
('voorschoten', 'voorschoten'),
('voorst', 'voorst'),
('vught', 'vught'),
('waalre', 'waalre'),
('waalwijk', 'waalwijk'),
('waddinxveen', 'waddinxveen'),
('wageningen', 'wageningen'),
('wassenaar', 'wassenaar'),
('waterland', 'waterland'),
('weesp', 'weesp'),
('werkendam', 'werkendam'),
('west Maas en Waal', 'west Maas en Waal'),
('westerveld', 'westerveld'),
('westervoort', 'westervoort'),
('westland', 'westland'),
('weststellingwerf', 'weststellingwerf'),
('westvoorne', 'westvoorne'),
('wierden', 'wierden'),
('wijchen', 'wijchen'),
('wijdemeren', 'wijdemeren'),
('wijk bij Duurstede', 'wijk bij Duurstede'),
('winsum', 'winsum'),
('winterswijk', 'winterswijk'),
('woensdrecht', 'woensdrecht'),
('wormerland', 'wormerland'),
('woudenberg', 'woudenberg'),
('woudrichem', 'woudrichem'),
('zaanstad', 'zaanstad'),
('zaltbommel', 'zaltbommel'),
('zandvoort', 'zandvoort'),
('zederik', 'zederik'),
('zeevang', 'zeevang'),
('zeewolde', 'zeewolde'),
('zeist', 'zeist'),
('zevenaar', 'zevenaar'),
('zijpe', 'zijpe'),
('zoetermeer', 'zoetermeer'),
('zuidhorn', 'zuidhorn'),
('zuidplas', 'zuidplas'),
('zundert', 'zundert'),
('zutphen', 'zutphen'),
('zwartewaterland', 'zwartewaterland'),
('zwolle', 'zwolle'),
('zoeterwoude', 'zoeterwoude'),
('zwijndrecht', 'zwijndrecht'),
('rheden', 'rheden'),
('wormerveer', 'zaanstad'),
('waarland', 'harenkarspel'),
('rijssen', 'rijssen-Holten'),
('IJmuiden', 'velsen'),
('moerkapelle', 'zuidplas'),
('hooge Mierde', 'reusel de Mierden'),
('hoek van Holland', 'rotterdam'),
('lieshout', 'laarbeek'),
('westbeemster', 'beemster'),
('drachten', 'smallingerland'),
('makkum', 's&uacute;dwest-Frysl&acirc;n'),
('pernis', 'rotterdam'),
('leimuiden', 'kaag en Braassem'),
('berkel-Enschot', 'tilburg'),
('kaatsheuvel', 'loon op Zand'),
('oijen', 'oss'),
('nagele', 'noordoostpolder'),
('wilnis', 'de Ronde Venen'),
('berkel en Rodenrijs', 'lansingerland'),
('gilze', 'gilze en Rijen'),
('beesd', 'geldermalsen'),
('horssen', 'druten'),
('horst', 'horst aan de Maas'),
('oostkapelle', 'veere'),
('lievelde', 'oost Gelre'),
('heukelum', 'lingewaal'),
('middenbeemster', 'beemster'),
('wemeldinge', 'kapelle'),
('budel', 'cranendonck'),
('numansdorp', 'cromstrijen'),
('didam', 'montferland'),
('cadier en Keer', 'eijsden-Margraten'),
('wezep', 'oldebroek'),
('megchelen', 'oude IJsselstreek'),
('nederhorst den Berg', 'wijdemeren'),
('sleeuwijk', 'werkendam'),
('dorst', 'oosterhout'),
('holten', 'rijssen-Holten'),
('voorthuizen', 'barneveld'),
('baexem', 'leudal'),
('geleen', 'sittard-Geleen'),
('wamel', 'west Maas en Waal'),
('waardenburg', 'neerijnen'),
('de Goorn', 'koggenland'),
('loosdrecht', 'wijdemeren'),
('bolsward', 's&uacute;dwest-Frysl&acirc;n'),
('chaam', 'alphen-Chaam'),
('bleiswijk', 'lansingerland'),
('zaandam', 'zaanstad'),
('nieuw-Vennep', 'haarlemmermeer'),
('deest', 'druten'),
('vrouwenakker', 'nieuwkoop'),
('nieuw Weerdinge', 'emmen'),
('akersloot', 'castricum'),
('oudeschild', 'texel'),
('yerseke', 'reimerswaal'),
('den Burg', 'texel'),
('maasland', 'midden-Delfland'),
('delfgauw', 'pijnacker-Nootdorp'),
('deil', 'geldermalsen'),
('ravenstein', 'oss'),
('burgh-Haamstede', 'schouwen-Duiveland'),
('hoofddorp', 'haarlemmermeer'),
('rogat', 'meppel'),
('born', 'sittard-Geleen'),
('weerselo', 'dinkelland'),
('stellendam', 'goedereede'),
('haastrecht', 'vlist'),
('rosmalen', 'den Bosch'),
('driehuis', 'velsen'),
('wervershoof', 'medemblik'),
('dommelen', 'valkenswaard'),
('sneek', 's&uacute;dwest-Frysl&acirc;n'),
('steenwijk', 'steenwijkerland'),
('erica', 'emmen'),
('ursem', 'koggenland'),
('surhuisterveen', 'achtkarspelen'),
('helvoirt', 'haaren'),
('lobith', 'rijnwaarden'),
('bergschenhoek', 'lansingerland'),
('wateringen', 'westland'),
('maartensdijk', 'de Bilt'),
('schoonrewoerd', 'leerdam'),
('emmeloord', 'noordoostpolder'),
('neede', 'berkelland'),
('mijdrecht', 'de Ronde Venen'),
('westerhoven', 'bergeijk'),
('prinsenbeek', 'moerdijk'),
('wapenveld', 'heerde'),
('de Kwakel', 'uithoorn'),
('terborg', 'oude IJsselstreek'),
('nijkerkerveen', 'nijkerk'),
('heteren', 'overbetuwe'),
('winschoten', 'oldambt'),
('naaldwijk', 'westland'),
('biddinghuizen', 'dronten'),
('waspik', 'waalwijk'),
('doorwerth', 'renkum'),
('lomm', 'venlo'),
('tegelen', 'venlo'),
('grou', 'boarnsterhim'),
('nieuw Heeten', 'raalte'),
('scheveningen', 'den Haag'),
('wijdewormer', 'wormerland'),
('\'s Gravenzande', 'westland'),
('margraten', 'eijsden-Margraten'),
('gendt', 'lingewaard'),
('kesteren', 'neder-Betuwe'),
('ittervoort', 'leudal'),
('gronsveld', 'eijsden-Margraten'),
('hooge Zwaluwe', 'drimmelen'),
('posterholt', 'roerdalen'),
('haaften', 'neerijnen'),
('maarheeze', 'cranendonck'),
('spijk', 'lingewaal'),
('\'s Heerenberg', 'montferland'),
('\'t Veld', 'hollands Kroon'),
('klundert', 'moerdijk'),
('nes Ameland', 'ameland'),
('linne', 'maasgouw'),
('maasdam', 'binnenmaas'),
('terheijden', 'drimmelen'),
('nistelrode', 'bernheze'),
('netersel', 'bladel'),
('swalmen', 'roermond'),
('olst', 'olst-Wijhe'),
('wilp', 'voorst'),
('zwaagdijk', 'medemblik'),
('maasdijk', 'westland'),
('mill', 'mill en Sint Hubert'),
('beekbergen', 'apeldoorn'),
('voorhout', 'teylingen'),
('terschelling West', 'terschelling'),
('middenmeer', 'hollands Kroon'),
('ter Aar', 'nieuwkoop'),
('zeeland', 'landerd'),
('sassenheim', 'teylingen'),
('beilen', 'midden-Drenthe'),
('zoutelande', 'veere'),
('schuinesloot', 'hardenberg'),
('dwingeloo', 'westerveld'),
('twello', 'voorst'),
('dedemsvaart', 'hardenberg'),
('velp', 'rheden'),
('gastel', 'cranendonck'),
('ootmarsum', 'dinkelland'),
('malden', 'heumen'),
('groenlo', 'oost Gelre'),
('oud-Alblas', 'molenland'),
('blerick', 'venlo'),
('nijverdal', 'hellendoorn'),
('eck en Wiel', 'buren'),
('aarle-Rixtel', 'laarbeek'),
('hapert', 'bladel'),
('zevenhuizen', 'zuidplas'),
('rijnsburg', 'katwijk'),
('nieuwleusen', 'dalfsen'),
('melissant', 'dirksland'),
('moordrecht', 'zuidplas'),
('norg', 'noordenveld'),
('oudorp', 'alkmaar'),
('de Heurne', 'aalten'),
('scheemda', 'oldambt'),
('monster', 'westland'),
('beek-Ubbergen', 'ubbergen'),
('kruiningen', 'reimerswaal'),
('klaaswaal', 'cromstrijen'),
('son', 'son en Breugel'),
('kamerik', 'woerden'),
('diessen', 'hilvarenbeek'),
('schiphol', 'haarlemmermeer'),
('moerstraten', 'roosendaal'),
('lunteren', 'ede'),
('vriezenveen', 'twenterand'),
('wijlre', 'gulpen-Wittem'),
('leidschendam', 'leidschendam-Voorburg'),
('ruurlo', 'berkelland'),
('oostrum', 'venray'),
('groot-Ammers', 'molenland'),
('gorredijk', 'opsterland'),
('ochten', 'neder-Betuwe'),
('duivendrecht', 'amsterdam'),
('marienheem', 'raalte'),
('den Hout', 'oosterhout'),
('berg en Terblijt', 'valkenburg aan de Geul'),
('vledder', 'westerveld'),
('eethen', 'aalburg'),
('de Lier', 'westland'),
('maasbracht', 'maasgouw'),
('odiliapeel', 'uden'),
('mastenbroek', 'zwartewaterland'),
('schimmert', 'nuth'),
('opheusden', 'neder-Betuwe'),
('oosterwolde', 'ooststellingwerf'),
('heer', 'maastricht'),
('cromvoirt', 'vught'),
('elst', 'overbetuwe'),
('sprang-Capelle', 'waalwijk'),
('albergen', 'tubbergen'),
('wieringerwerf', 'hollands Kroon'),
('den Dolder', 'de Bilt'),
('loenen', 'stichtse Vecht'),
('echt', 'echt-Susteren'),
('bennebroek', 'bloemendaal'),
('benthuizen', 'rijnwoude'),
('zandpol', 'emmen'),
('nieuwerkerk aan de IJssel', 'zuidplas'),
('wolvega', 'weststellingwerf'),
('vijfhuizen', 'haarlemmermeer'),
('hedel', 'maasdriel'),
('haps', 'cuijk'),
('rotterdam Zuid', 'rotterdam'),
('den Hoorn', 'midden-Delfland'),
('noorbeek', 'eijsden-Margraten'),
('made', 'drimmelen'),
('spakenburg', 'bunschoten'),
('vlijmen', 'heusden'),
('lierop', 'someren'),
('heijen', 'gennep'),
('noord-Scharwoude', 'langedijk'),
('bennekom', 'ede'),
('de Blesse', 'weststellingwerf'),
('hank', 'werkendam'),
('enter', 'wierden'),
('doenrade', 'schinnen'),
('egmond aan den Hoef', 'bergen (nh)'),
('nieuwveen', 'nieuwkoop'),
('de Rijp', 'graft-de Rijp'),
('zetten', 'overbetuwe'),
('cothen', 'wijk bij Duurstede'),
('nuland', 'maasdonk'),
('wijhe', 'olst-Wijhe'),
('biervliet', 'terneuzen'),
('laag Soeren', 'rheden'),
('velserbroek', 'velsen'),
('vasse', 'tubbergen'),
('oosterblokker', 'drechterland'),
('bilthoven', 'de Bilt'),
('herpen', 'oss'),
('milheeze', 'gemert-Bakel'),
('honselersdijk', 'westland'),
('overloon', 'boxmeer'),
('vleuten', 'utrecht'),
('huissen', 'lingewaard'),
('vries', 'tynaarlo'),
('zeddam', 'montferland'),
('ossendrecht', 'woensdrecht'),
('lauwersoog', 'de Marne'),
('heveadorp', 'renkum'),
('peize', 'noordenveld'),
('giessen', 'woudrichem'),
('lekkum', 'leeuwarden'),
('dokkum', 'dongeradeel'),
('belfeld', 'venlo'),
('burgum', 'tytsjerksteradiel'),
('tricht', 'geldermalsen'),
('kleve', 'roosendaal'),
('kamperland', 'noord-Beveland'),
('bakkeveen', 'opsterland'),
('almere Stad', 'almere'),
('bergen (nh)', 'bergen (nh)'),
('bergen (l)', 'bergen (l)'),
('steenderen', 'bronckhorst'),
('zuid Scharwoude', 'langedijk'),
('varsseveld', 'oude IJsselstreek'),
('eys', 'gulpen-Wittem'),
('zoeterwoude-Dorp', 'zoeterwoude'),
('buitenpost', 'achtkarspelen'),
('waverveen', 'de Ronde Venen'),
('wijk en Aalburg', 'aalburg'),
('zuidland', 'bernisse'),
('hoensbroek', 'heerlen'),
('gieten', 'aa en Hunze'),
('epen', 'gulpen-Wittem'),
('schalkhaar', 'deventer'),
('balk', 'gaasterlan-Sleat'),
('nieuwendijk', 'werkendam'),
('gramsbergen', 'hardenberg'),
('marrum', 'ferwerderadiel'),
('sevenum', 'horst aan de Maas'),
('de Wilp', 'marum'),
('slenaken', 'gulpen-Wittem'),
('wahlwiller', 'gulpen-Wittem'),
('bodegraven', 'bodegraven-Reeuwijk'),
('dieren', 'rheden'),
('hoevelaken', 'nijkerk'),
('hazerswoude Rijndijk', 'rijnwoude'),
('rijnsaterwoude', 'kaag en Braassem'),
('liessel', 'deurne'),
('goor', 'hof van Twente'),
('noordlaren', 'haren'),
('hengevelde', 'hof van Twente'),
('blokzijl', 'steenwijkerland'),
('schin op Geul', 'valkenburg aan de Geul'),
('kollumerzwaag', 'kollumerland en Nieuwkruisland'),
('dinxperlo', 'aalten'),
('heinkenszand', 'borsele'),
('ruinerwold', 'de Wolden'),
('oostburg', 'sluis'),
('\'s Gravenmoer', 'dongen'),
('lekkerkerk', 'nederlek'),
('zoutkamp', 'de Marne'),
('assendelft', 'zaanstad'),
('eelde', 'tynaarlo'),
('\'s Gravenpolder', 'borsele'),
('vinkenbuurt', 'ommen'),
('meijel', 'peel en Maas'),
('gemert', 'gemert-Bakel'),
('halle', 'bronckhorst'),
('warmond', 'teylingen'),
('beek en Donk', 'laarbeek'),
('meeuwen', 'aalburg'),
('markelo', 'hof van Twente'),
('dinther', 'bernheze'),
('serooskerke', 'veere'),
('wildervank', 'veendam'),
('austerlitz', 'zeist'),
('eerbeek', 'brummen'),
('nieuwe Pekela', 'pekela'),
('giethmen', 'ommen'),
('heeswijk-Dinther', 'bernheze'),
('gassel', 'grave'),
('kortenhoef', 'wijdemeren'),
('scherpenisse', 'tholen'),
('rossum', 'maasdriel'),
('balkbrug', 'hardenberg'),
('asperen', 'lingewaal'),
('wijk aan Zee', 'beverwijk'),
('ellecom', 'rheden'),
('nootdorp', 'pijnacker-Nootdorp'),
('roelofarendsveen', 'kaag en Braassem'),
('vreeland', 'stichtse Vecht'),
('schalkwijk', 'houten'),
('koog aan de Zaan', 'zaanstad'),
('oude Pekela', 'pekela'),
('wormer', 'wormerland'),
('bentelo', 'hof van Twente'),
('wognum', 'medemblik'),
('winterswijk-Henxel', 'winterswijk'),
('winterswijk-Kotten', 'winterswijk'),
('marknesse', 'noordoostpolder'),
('vijlen', 'vaals'),
('wissenkerke', 'noord-Beveland'),
('venhuizen', 'drechterland'),
('oudelande', 'borsele'),
('reuver', 'beesel'),
('zelhem', 'bronckhorst'),
('rumpt', 'geldermalsen'),
('simonshaven', 'bernisse'),
('sellingen', 'vlagtwedde'),
('vorden', 'bronckhorst'),
('gendringen', 'oude IJsselstreek'),
('maria-Hoop', 'echt-Susteren'),
('ruinen', 'de Wolden'),
('nibbixwoud', 'medemblik'),
('erichem', 'buren'),
('dreischor', 'schouwen-Duiveland'),
('vrouwenpolder', 'veere'),
('hurwenen', 'maasdriel'),
('sint Agatha', 'cuijk'),
('leunen', 'venray'),
('thorn', 'maasgouw'),
('ulestraten', 'meerssen'),
('wijnandsrade', 'nuth'),
('ubachsberg', 'voerendaal'),
('otterlo', 'ede'),
('wekerom', 'ede'),
('azewijn', 'montferland'),
('winterswijk-Huppel', 'winterswijk'),
('winterswijk-Miste', 'winterswijk'),
('eibergen', 'berkelland'),
('beltrum', 'berkelland'),
('haarlo', 'berkelland'),
('geesteren', 'tubbergen'),
('den Ham', 'twenterand'),
('lutten', 'hardenberg'),
('havelte', 'westerveld'),
('lemelerveld', 'dalfsen'),
('twijzel', 'achtkarspelen'),
('nieuwolda', 'oldambt'),
('oudenbosch', 'halderberge'),
('bathmen', 'deventer'),
('engelum', 'menaldumadeel'),
('berlikum', 'menaldumadeel'),
('harmelen', 'woerden'),
('edam', 'edam-Volendam'),
('\'s Graveland', 'wijdemeren'),
('volendam', 'edam-Volendam'),
('driebergen-Rijsenburg', 'utrechtse Heuvelrug'),
('luchthaven Schiphol', 'amstelveen'),
('westmaas', 'west Maas en Waal'),
('woerden', 'woerden'),
('drempt', 'bronckhorst'),
('nuenen', 'nuenen, Gerwen en Nederwetten'),
('dordrecht', 'dordrecht'),
('meppel', 'meppel'),
('heeze', 'heeze-Leende'),
('berchsenhoek', 'lansingerland'),
('rijen', 'gilze en Rijen'),
('Egmond-Binnen', 'bergen (nh)'),
('dronrijp', 'menaldumadeel'),
('t Veld', 'hollands Kroon'),
('baarle-Nassau', 'baarle-Nassau'),
('hoogwoud', 'opmeer (nh)'),
('katwijk aan de Rijn', 'katwijk'),
('\'s Gravendeel', 'binnenmaas'),
('venlo-Blerick', 'venlo'),
('opmeer (nh)', 'opmeer (nh)'),
('mierlo', 'geldrop-Mierlo'),
('driebergen', 'utrechtse Heuvelrug'),
('franeker', 'franekeradeel'),
('vrienzenveen', 'twenterand'),
('panningen', 'peel en Maas'),
('dinteloord', 'bergen op Zoom'),
('wormerveen', 'wormerland'),
('hoogvliet', 'rotterdam'),
('amsterdam-Duivendrecht', 'amsterdam'),
('den Haag Westvliet', 'den Haag'),
('den Haag Zichtenburglaan', 'den Haag'),
('den Haag Forepark', 'den Haag'),
('nieuwkuijk', 'heusden'),
('reusel', 'reusel de Mierden'),
('kootwijkerboek', 'barneveld'),
('nieuw Vennep', 'haarlemmermeer'),
('rhenen', 'rhenen'),
('sint Oedenrode', 'sint Oedenrode'),
('leende', 'heeze-Leende'),
('zevenbergen', 'moerdijk'),
('pijnacker', 'pijnacker-Nootdorp'),
('west Terschelling', 'terschelling'),
('zijdewind', 'hollands Kroon'),
('leersum', 'utrechtse Heuvelrug'),
('delden', 'hof van Twente'),
('tijnje', 'opsterland'),
('heijningen', 'moerdijk'),
('terwolde', 'voorst'),
('baarland', 'borsele'),
('oosthuizen', 'beemster'),
('klazienaveen', 'emmen'),
('zuidbroek', 'menterwolde'),
('gaanderen', 'doetinchem'),
('monnickendam', 'waterland'),
('kwintsheul', 'westland'),
('teteringen', 'breda'),
('aerdenhout', 'bloemendaal'),
('alphen (nb)', 'alphen-Chaam'),
('angeren', 'lingewaard'),
('elim', 'hoogeveen'),
('genemuiden', 'zwartewaterland'),
('bakel', 'gemert-Bakel'),
('egmond aan Zee', 'bergen (nh)'),
('damwoude', 'dantumadiel'),
('berlicum', 'sint-Michielsgestel'),
('diever', 'westerveld'),
('blokker', 'hoorn'),
('dirkshorn', 'harenkarspel'),
('dodewaard', 'neder-Betuwe'),
('domburg', 'veere'),
('bavel', 'breda'),
('handel', 'gemert-Bakel'),
('ewijk', 'beuningen'),
('koningsbosch', 'echt-Susteren'),
('nieuw Buinen', 'borger-Odoorn'),
('ugchelen', 'apeldoorn'),
('vaassen', 'epe'),
('koedijk', 'alkmaar'),
('westknollendam', 'zaanstad'),
('musselkanaal', 'stadskanaal'),
('wehl', 'doetinchem'),
('nieuw- en Sint Joosland', 'middelburg'),
('obdam', 'koggenland'),
('boelenslaan', 'achtkarspelen'),
('vierhouten', 'nunspeet'),
('warmenhuizen', 'harenkarspel'),
('oudehaske', 'skasterlan'),
('poortvliet', 'tholen'),
('poeldijk', 'westland'),
('antwerpen (B)', 'antwerpen (B)'),
('brussel (B)', 'brussel (B)'),
('namen (B)', 'namen (B)'),
('rijsbergen', 'zundert'),
('st. Job in het Goor (B)', 'st. Job in het Goor (B)'),
('mechelen (B)', 'mechelen (B)'),
('eijsden', 'eijsden-Margraten'),
('genk (B)', 'genk (B)'),
('warffum', 'eemsmond'),
('moerkerke (B)', 'damme (B)'),
('hemiksem (B)', 'hemiksem (B)'),
('brecht (B)', 'brecht (B)'),
('erpe Meere (B)', 'erpe Meere (B)'),
('sint-Truiden (B)', 'sint-Truiden (B)'),
('emmerich (D)', 'Emmerich (D)'),
('poppel (B)', 'poppel (B)'),
('spaubeek', 'beek (L)'),
('mol (B)', 'mol (B)'),
('appignano (IT)', 'appignano (IT)'),
('aubel (B)', 'aubel (B)'),
('bad Neuenahr/Dresden', 'bad Neuenahr/Dresden (D)'),
('bellegem', 'Bellegem (B)'),
('beveren-Leie (B)', 'Beveren-Leie (B)'),
('borgo san Dalmazzo (IT)', 'borgo san Dalmazzo (IT)'),
('bornhem (B)', 'bornhem (B)'),
('boulder (VS)', 'boulder (VS)'),
('brugge (B)', 'Brugge (B)'),
('brugge Assebroek (B)', 'Brugge Assebroek (B)'),
('countycork (IRL)', 'Countycork (IRL)'),
('damme (D)', 'damme (B)'),
('diegem (B)', 'Diegem (B)'),
('diepenbeek (B)', 'diepenbeek (B)'),
('dortmund (D)', 'Dortmund (D)'),
('furth (D)', 'Furth (D)'),
('ganshoren (B)', 'ganshoren (B)'),
('gent (B)', 'Gent (B)'),
('gierle (B)', 'Gierle (B)'),
('ham (B)', 'ham (B)'),
('hasbergen (D)', 'Hasbergen (D)'),
('herentals (B)', 'Herentals (B)'),
('herk-de-Stad (B)', 'herk-de Stad (B)'),
('houthalem (B)', 'houthalem (B)'),
('ieper (B)', 'Ieper (B)'),
('kahla (D)', 'Kahla (D)'),
('kampenhout (B)', 'Kampenhout (B)'),
('keulen (D)', 'Keulen (D)'),
('kleve (D)', 'Kleve (D)'),
('kontich (B)', 'Kontich (B)'),
('lanaken (B)', 'Lanaken (B)'),
('lohne (D)', 'Lohne (D)'),
('londen (ENG)', 'Londen (ENG)'),
('londerzeel (B)', 'londerzeel (B)'),
('maaseik (B)', 'Maaseik (B)'),
('maisach (D)', 'Maisach (D)'),
('meer (B)', 'Meer (B)'),
('meetkerke (B)', 'Meetkerke (B)'),
('merksel (B)', 'Merksel (B)'),
('mont Sainte Geneviev (B)', 'Mont Sainte Geneviev (B)'),
('new Brighton (ENG)', 'New Brighton (ENG)'),
('rotselaar (B)', 'Rotselaar (B)'),
('sarlat (FR)', 'Sarlat (fr)'),
('schilde (B)', 'Schilde (B)'),
('schonwald (D)', 'Schonwald (D)'),
('seelze (D)', 'Seelze (D)'),
('seva, bar (SP)', 'Seva, bar (SP)'),
('siebengewald', 'bergen (l)'),
('sint Martens Latem (B)', 'Sint Martens Latem (B)'),
('verrebroek (B)', 'Verrebroek (B)'),
('waregem (B)', 'Waregem (B)'),
('weiden (D)', 'Weiden (D)'),
('wevelgem (B)', 'Wevelgem (B)'),
('wildeshausen (D)', 'Wildeshausen (D)'),
('wolfenbuttel (D)', 'Wolfenbuttel (D)'),
('wommelgem (B)', 'Wommelgem (B)'),
('zaventem (B)', 'Zaventem (B)'),
('zoersel (B)', 'Zoersel (B)'),
('zonhoven (B)', 'Zonhoven (B)'),
('\'t Loo', 'oldebroek'),
('bakhuizen', 'gaasterlan-Sleat'),
('workum', 's&uacute;dwest-Frysl&acirc;n'),
('witmarsum', 's&uacute;dwest-Frysl&acirc;n'),
('sappemeer', 'hoogezand-Sappemeer'),
('zuidwolde', 'de Wolden'),
('kloosterhaar', 'hardenberg'),
('harbrinkhoek', 'tubbergen'),
('twekkelo', 'enschede'),
('stokkum', 'montferland'),
('lintelo', 'aalten'),
('babberich', 'zevenaar'),
('andelst', 'overbetuwe'),
('ooij', 'ubbergen'),
('molenhoek', 'mook en Middelaar'),
('lent', 'nijmegen'),
('doornenburg', 'lingewaard'),
('klimmen', 'voerendaal'),
('lottum', 'horst aan de Maas'),
('moergestel', 'oisterwijk'),
('noordhoek', 'moerdijk'),
('cadzand', 'sluis'),
('scharendijke', 'schouwen-Duiveland'),
('oost-Souburg', 'vlissingen'),
('veen', 'aalburg'),
('overberg', 'utrechtse Heuvelrug'),
('vierpolders', 'brielle'),
('oude-Tonge', 'oostflakkee'),
('nieuwe Wetering', 'alkemade'),
('boesingheliede', 'haarlemmermeer'),
('hippolytushoef', 'hollands Kroon'),
('hem', 'drechterland'),
('wijdenes', 'drechterland'),
('hauwert', 'koggenland'),
('watergang', 'waterland'),
('west-Knollendam', 'zaanstad'),
('krommenie', 'zaanstad'),
('baambrugge', 'de Ronde Venen'),
('ankeveen', 'wijdemeren'),
('kortrijk (B)', 'kortrijk (B)'),
('laarne (B)', 'laarne (B)'),
('sirjansland', 'schouwen-Duiveland'),
('schoorl', 'bergen (nh)'),
('san Vito al Tagliamento (IT)', 'san Vito al Tagliamento (IT)'),
('dessel (B)', 'dessel (B)'),
('vittorio Veneto (IT)', 'vittorio Veneto (IT)'),
('braunsweich (D)', 'braunsweich (D)'),
('northhampton (ENG)', 'northhampton (ENG)'),
('kruibeke (B)', 'kruibeke (B)'),
('erkelenz (D)', 'erkelenz (D)'),
('lodivecchio (IT)', 'lodivecchio (IT)'),
('rekem (B)', 'rekem (B)'),
('brasschaat (B)', 'brasschaat (B)'),
('puurs (B)', 'puurs (B)'),
('hasselt (B)', 'hasselt (B)'),
('leuze-en-Hainaut (B)', 'leuze-en-Hainaut (B)'),
('zandhoven (B)', 'zandhoven (B)'),
('hobscheid (LUX)', 'hobscheid (LUX)'),
('hierden', 'harderwijk'),
('retranchement', 'sluis'),
('tienray', 'horst aan de Maas'),
('heibloem', 'leudal'),
('linschoten', 'montfoort'),
('kaag', 'kaag en Braassem'),
('arnemuiden', 'middelburg'),
('colijnsplaat', 'noord-Beveland'),
('schijf', 'rucphen'),
('amsterdam Zuid-Oost', 'amsterdam'),
('voorburg', 'leidschendam-Voorburg'),
('ulvenhout ', 'breda'),
('meteren', 'geldermalsen'),
('odoorn', 'borger-Odoorn'),
('vrouwenparochie', 'het Bildt'),
('bruinisse', 'schouwen-Duiveland'),
('milsbeek', 'gennep'),
('wesepe', 'olst-Wijhe'),
('farmsum', 'delfzijl'),
('eesveen', 'steenwijkerland'),
('limmen', 'castricum'),
('oosternijkerk', 'dongeradeel'),
('knokke-Heist (B)', 'knokke-Heist (b)'),
('sint Jansteen', 'hulst'),
('bavikhove', 'bavikhove (B)'),
('vichte (B)', 'vichte (B)'),
('marrickville (AUS)', 'marrickville (AUS)'),
('weelde (B)', 'weelde (B)'),
('denema (DN)', 'denema (DN)'),
('heist op den Berg (B)', 'heist op den Berg (B)'),
('goudargues (FR)', 'goudargues (FR)'),
('badhoevedorp', 'haarlemmermeer'),
('ammerzoden', 'maasdriel'),
('baarschot', 'hilvarenbeek'),
('hoogstraten (B)', 'hoogstraten (B)'),
('geffen', 'maasdonk'),
('linden', 'cuijk'),
('zeelst', 'veldhoven'),
('meersel-Dreef (B)', 'meersel-Dreef (B)'),
('vierlingsbeek', 'boxmeer'),
('lage Zwaluwe', 'drimmelen'),
('wernhout', 'zundert'),
('elshout', 'heusden'),
('lage Mierde', 'reusel de Mierden'),
('schaijk', 'landerd'),
('stavenisse', 'tholen'),
('huijbergen', 'woensdrecht'),
('gameren', 'zaltbommel'),
('oosterhesselen', 'coevorden'),
('zwiggelte', 'midden-Drenthe'),
('erm', 'coevorden'),
('almere Haven', 'almere'),
('makkinga', 'ooststellingwerf'),
('augustinusga', 'achtkarspelen'),
('piaam', 's&uacute;dwest-Frysl&acirc;n'),
('menaldum', 'menaldumadeel'),
('wijnaldum', 'harlingen'),
('sexbierum', 'franekeradeel'),
('de Westereen', 'dantumadiel'),
('lemmer', 'lemsterland'),
('appelscha', 'ooststellingwerf'),
('kootwijk', 'barneveld'),
('broeksterwald', 'dantumadiel'),
('bruinerveen', 'borger-Odoorn'),
('sijberkarspel', 'medemblik'),
('oud Valkeveen', 'naarden'),
('uithuizen', 'eemsmond'),
('ten Post', 'ten Boer'),
('emmer-Compascuum', 'emmen'),
('opeinde', 'smallingerland'),
('beneden-Leeuwen', 'west Maas en Waal'),
('maashees', 'boxmeer'),
('udenhout', 'tilburg'),
('midwoud', 'medemblik'),
('vroomshoop', 'twenterand'),
('hoeven', 'halderberge'),
('ulft', 'oude IJsselstreek'),
('heerjansdam', 'zwijndrecht'),
('finsterwolde', 'oldambt'),
('warnsveld', 'zutphen'),
('oranjewoud', 'heerenveen'),
('ees', 'borger-Odoorn'),
('sint Willebrord', 'rucphen'),
('huis ter Heide', 'zeist'),
('meerstad', 'slochteren'),
('zaandijk', 'zaanstad'),
('Emst', 'epe'),
('weurt', 'beuningen'),
('hulshorst', 'nunspeet'),
('tolkamer', 'rijnwaarden'),
('bellingwolde', 'bellingwedde'),
('jonkersvaart', 'marum'),
('schinveld', 'onderbanken'),
('Oh&eacute; en Laak', 'maasgouw'),
('oirlo', 'venray'),
('beringe', 'peel en Maas'),
('vlodrop', 'roerdalen'),
('well', 'bergen (l)'),
('nederweert-Eind', 'nederweert'),
('middelbeers', 'oirschot'),
('neerkant', 'deurne'),
('biest-Houtakker', 'hilvarenbeek'),
('erp', 'veghel'),
('liempde', 'boxtel'),
('luyksgestel', 'bergeijk'),
('klein-Zundert', 'zundert'),
('de Pijp', 'eersel'),
('buitenkaag', 'haarlemmermeer'),
('grootschermer', 'schermer'),
('diepenheim', 'hof van Twente'),
('slagharen', 'hardenberg'),
('oostvoorne', 'westvoorne'),
('sommelsdijk', 'middelharnis'),
('ouddorp (zh)', 'goedereede'),
('rockanje', 'westvoorne'),
('oud-Vossemeer', 'tholen'),
('graauw', 'hulst'),
('axel', 'terneuzen'),
('renesse', 'schouwen-Duiveland'),
('kortgene', 'noord-Beveland'),
('ellemeet', 'schouwen-Duiveland'),
('wolphaartsdijk', 'goes'),
('lemiers', 'vaals'),
('goutum', 'leeuwarden'),
('herkingen', 'dirksland'),
('ven-Zelderheide', 'gennep'),
('steyl', 'venlo'),
('plasmolen', 'mook en Middelaar'),
('bocholtz', 'simpelveld'),
('jordaan', 'amsterdam'),
('naarden-Vesting', 'naarden'),
('Stadsdeel de Baarsjes', 'amsterdam'),
('gelderingen', 'steenwijkerland'),
('wachtum', 'coevorden'),
('vogelenzang', 'bloemendaal'),
('sint Maartenszee', 'harenkarspel'),
('oosterend-texel', 'texel'),
('sleen', 'coevorden'),
('zuidlaren', 'tynaarlo'),
('veelerveen', 'bellingwedde'),
('kommerzijl', 'zuidhorn'),
('hollandsche Rading', 'hollands Kroon'),
('zweeloo', 'coevorden'),
('anderen', 'aa en Hunze'),
('hondsrugdorp', 'borger-Odoorn'),
('hoogersmilde', 'midden-Drenthe'),
('hollandscheveld', 'hoogeveen'),
('gees', 'coevorden'),
('zeegse', 'tynaarlo'),
('stieltjeskanaal', 'coevorden'),
('weerdinge', 'emmen'),
('oosteinde', 'eemsmond'),
('exloo', 'borger-Odoorn'),
('paterswolde', 'tynaarlo'),
('gasselte', 'aa en Hunze'),
('polsbroek', 'lopik'),
('arum', 's&uacute;dwest-Frysl&acirc;n'),
('elahuizen', 'gaasterlan-Sleat'),
('\'t Ges', 's&uacute;dwest-Frysl&acirc;n'),
('boekelo', 'enschede'),
('Tzummarum', 'franekeradeel'),
('zwaagwesteinde', 'dantumadiel'),
('akkrum', 'boarnsterhim'),
('elspeet', 'nunspeet'),
('braamt', 'montferland'),
('ambt', 'doetinchem'),
('zetten-Andelst', 'overbetuwe'),
('oostwold', 'leek'),
('Middelstum', 'loppersum'),
('borgercompanie', 'hoogezand-Sappemeer'),
('Eenrum', 'de Marne'),
('leens', 'de Marne'),
('midwolda', 'oldambt'),
('haelen', 'leudal'),
('maasniel', 'roermond'),
('middelaar', 'mook en Middelaar'),
('venhorst', 'boekel'),
('putte', 'woensdrecht'),
('lith', 'oss'),
('boerdonk', 'veghel'),
('nieuw-Stappegoor', 'tilburg'),
('lithoijen', 'oss'),
('reek', 'landerd'),
('de Koog', 'texel'),
('marken', 'waterland'),
('santpoort-Noord', 'velsen'),
('spaarne', 'haarlem'),
('santpoort-Zuid', 'velsen'),
('belt-Schutsloot', 'steenwijkerland'),
('brucht', 'hardenberg'),
('engeland', 'de Wolden'),
('Giethoorn', 'steenwijkerland'),
('Vollenhove', 'steenwijkerland'),
('Zierikzee', 'schouwen-Duiveland'),
('brouwershaven', 'schouwen-Duiveland'),
('walcheren', 'veere'),
('Oude Wetering', 'kaag en Braassem'),
('nieuweschans', 'oldambt'),
('roden', 'noordenveld'),
('bourtange', 'vlagtwedde'),
('andijk', 'medemblik'),
('walbeck (D)', 'Walbeck (D)'),
('kirchhoven-Heimsberg (D)', 'kirchhoven-Heimsberg (D)'),
('barvaux sur Ourthe (B)', 'barvaux sur Ourthe (B)'),
('maasmechelen (B)', 'maasmechelen (B)'),
('theux (B)', 'theux (b)'),
('lommel (B)', 'lommel (B)'),
('balen', 'balen (B)'),
('gut Linde (B)', 'gut Linde (B)'),
('Buinerveen', 'borger-Odoorn'),
('bosschenhoofd', 'halderberge'),
('petten aan Zee', 'zijpe'),
('onderdijk', 'medemblik'),
('oterleek', 'schermer'),
('woudsend', 's&uacute;dwest-Frysl&acirc;n'),
('sinderen', 'oude IJsselstreek'),
('slijk-Ewijk', 'overbetuwe'),
('borculo', 'berkelland'),
('witteveen', 'midden-Drenthe'),
('benschop', 'lopik'),
('delfstrahuizen', 'lemsterland'),
('mechelen', 'gulpen-Wittem'),
('de Wijk', 'de Wolden'),
('almere Buiten', 'almere'),
('klarenbeek', 'apeldoorn'),
('barchem', 'lochem'),
('Lopikerkapel', 'lopik'),
('herwen', 'rijnwaarden'),
('Beek (gld)', 'montferland'),
('afferden', 'bergen (l)'),
('ell', 'leudal'),
('kroonenberg', 'horst aan de Maas'),
('sint Odili&euml;nberg', 'roerdalen'),
('stevensweert', 'maasgouw'),
('waubach', 'landgraaf'),
('\'t Loo (nb)', 'bergeijk'),
('vessem', 'eersel'),
('duizel', 'eersel'),
('vortum-Mullem', 'boxmeer'),
('charlois', 'rotterdam'),
('arkel', 'giessenlanden'),
('hunsel', 'leudal'),
('heythuisen', 'leudal'),
('ransdaal', 'voerendaal'),
('bingelrade', 'onderbanken'),
('Mheer', 'eijsden-Margraten'),
('wittem', 'gulpen-Wittem'),
('macharen', 'oss'),
('mijnsheerenland', 'binnenmaas'),
('heerle', 'roosendaal'),
('kop van Zuid', 'rotterdam'),
('berg aan de Maas', 'stein'),
('Teuven (B)', 'voeren (B)'),
('kohlscheid', 'kohlscheid (D)'),
('smeermaas (B)', 'Lanaken (B)'),
('rotem (B)', 'rotem (B)'),
('amsterdam-West', 'amsterdam'),
('amsterdam-Zuid', 'amsterdam'),
('wessem', 'maasgouw'),
('burgerbrug', 'zijpe'),
('julianadorp', 'den Helder'),
('\'t Zand', 'zijpe'),
('kijkduin', 'den Haag'),
('valkenisse', 'veere'),
('dishoek', 'veere'),
('zonnemaire', 'schouwen-Duiveland'),
('aardenburg', 'sluis'),
('westkapelle', 'veere'),
('breskens', 'sluis'),
('grevelingenmeer', 'dirksland'),
('hillegersberg', 'rotterdam'),
('nieuwvliet', 'sluis'),
('westenschouwen', 'schouwen-Duiveland'),
('neerharen (B)', 'Lanaken (B)'),
('oost-Maarland', 'eijsden-Margraten'),
('zuidzande', 'sluis'),
('achthuizen', 'oostflakkee'),
('clinge', 'hulst'),
('philippine', 'terneuzen'),
('regio Breda', 'breda'),
('regio West-Brabant', 'breda'),
('regio Den Bosch', 'den Bosch'),
('Regio Breda-Oosterhout', 'breda'),
('regio Drechtsteden-Rotterdam', 'dordrecht'),
('regio Nijmegen', 'nijmegen'),
('regio Eindhoven', 'eindhoven'),
('regio Tilburg', 'tilburg'),
('Regio Bergen op Zoom', 'bergen op Zoom'),
('regio Breda-Tilburg', 'breda'),
('regio Doetinchem-Arnhem', 'doetinchem'),
('regio Venlo-Venray', 'venlo'),
('regio Oost-Brabant', 'den Bosch'),
('regio Oosterhout', 'oosterhout'),
('regio Den Bosch-Rosmalen', 'den Bosch'),
('regio Nijmegen-Venlo', 'nijmegen'),
('regio \'t Gooi', 'hilversum'),
('regio Utrecht-Randstad', 'utrecht'),
('regio Midden-Limburg', 'roermond'),
('regio Arnhem', 'arnhem'),
('regio Zuid-Limburg', 'maastricht'),
('regio Noord-Limburg', 'venlo'),
('regio Achterhoek', 'lochem'),
('regio Vechtstreek', 'bussum'),
('regio Amsterdam', 'amsterdam'),
('regio Randstad', 'gouda'),
('regio Midden-Nederland', 'utrecht'),
('regio Zuid-Nederland', 'den Bosch'),
('regio Oost-Nederland', 'nijmegen'),
('regio Amersfoort', 'amersfoort'),
('regio Groningen', 'groningen'),
('regio Giethoorn', 'steenwijkerland'),
('regio Zuid-West Drenthe', 'hoogeveen'),
('regio Zuid-Oost Drenthe', 'coevorden'),
('regio Zuid-Oost Friesland', 'heerenveen'),
('regio Groningen-Zuid', 'groningen'),
('regio Noord-Oost friesland', 'dongeradeel'),
('regio Noord-Oost Groningen', 'delfzijl'),
('regio Waddeneilanden', 'texel'),
('regio Twente', 'hengelo (ov)'),
('regio Deventer', 'deventer'),
('regio Noord-West Overijssel', 'kampen'),
('regio Noord-Oost Veluwerand', 'zwolle'),
('regio Kop van Overijssel', 'steenwijkerland'),
('regio Almelo-Hardenberg', 'almelo'),
('regio Noordelijke Veluwezoom', 'zwolle'),
('Regio Midden-Zuid Nederland', 'den Bosch'),
('regio Zutphen', 'zutphen'),
('regio Valkenswaard-Bergeijk-Eersel', 'valkenswaard'),
('regio de Kempen', 'bergeijk'),
('regio Leiden', 'leiden'),
('regio Haaglanden', 'den Haag'),
('regio kustplaatsen Noord-Holland', 'noordwijk'),
('regio West-Friesland', 's&uacute;dwest-Frysl&acirc;n'),
('regio Heuvelland', 'valkenburg aan de Geul'),
('regio Midden-Nederland', 'utrecht'),
('regio Zwolle-Deventer', 'zwolle'),
('regio Utrecht', 'utrecht'),
('regio Schiphol', 'haarlemmermeer'),
('regio rand van de Veluwe', 'arnhem'),
('regio Utrecht-Eindhoven', 'utrecht'),
('Regio Noord-Nederland', 'amsterdam'),
('regio Noord-Oost Nederland', 'enschede'),
('regio Maastricht-Heerlen', 'maastricht'),
('regio Maastricht-Heerlen-Valkenburg', 'valkenburg aan de Geul'),
('regio Eindhoven-Den Bosch', 'eindhoven'),
('regio Zuid-Oost brabant', 'eindhoven'),
('regio Tilburg-Den Bosch', 'tilburg'),
('regio Midden-Brabant', 'den Bosch'),
('regio Tilburg-Oosterhout-Waalwijk', 'tilburg'),
('regio Zeeuws-Vlaanderen', 'terneuzen'),
('regio Dordrecht', 'dordrecht'),
('regio Drechtsteden', 'dordrecht'),
('regio Venlo', 'venlo'),
('regio Valkenburg aan den Geul', 'valkenburg aan de Geul'),
('regio Boxmeer', 'boxmeer'),
('regio Vianen-Cuijk', 'vianen'),
('regio Noord-Oost Overijssel', 'hardenberg'),
('regio Amsterdam-Amstelveen', 'amsterdam'),
('regio Bollenstreek', 'teylingen'),
('regio Gouda', 'gouda'),
('regio Goeree-Overflakkee', 'goedereede'),
('regio Zuid-Beveland', 'borsele'),
('regio Hoogeveen', 'hoogeveen'),
('regio Hondsrug', 'borger-Odoorn'),
('regio Emmen-Coevorden', 'emmen'),
('regio Vinkeveense plassen', 'de Ronde Venen'),
('regio Zuid-Friesland', 'heerenveen'),
('regio Leeuwarden', 'leeuwarden'),
('regio Tilburg-Hilvarenbeek', 'tilburg'),
('jubbega', 'heerenveen'),
('stavoren', 's&uacute;dwest-Frysl&acirc;n'),
('mildam', 'heerenveen'),
('nieuwehorne', 'heerenveen'),
('grijpskerk', 'zuidhorn'),
('oud Borne', 'borne'),
('de Krim', 'hardenberg'),
('leusderkwartier', 'amersfoort'),
('oostdijk', 'goedereede'),
('aldtsjerk', 'tytsjerksteradiel'),
('appeltern', 'west Maas en Waal'),
('maarn', 'utrechtse Heuvelrug'),
('hensbroek', 'koggenland'),
('den Dungen', 'sint-Michielsgestel'),
('poortugaal', 'albrandswaard'),
('molenschot', 'gilze en Rijen'),
('zoelen', 'buren'),
('benneveld', 'coevorden'),
('ysselstein', 'venray'),
('soesterberg', 'soest'),
('stompwijk', 'leidschendam-Voorburg'),
('terschuur', 'barneveld'),
('lebbeke-Wieze (B)', 'lebbeke-Wieze (B)'),
('stompetoren', 'schermer'),
('helenaveen', 'deurne'),
('haalderen', 'lingewaard'),
('est', 'neerijnen'),
('melderslo', 'horst aan de Maas'),
('hoogerheide', 'woensdrecht'),
('Gerkesklooster', 'achtkarspelen'),
('hurdergaryp', 'tytsjerksteradiel'),
('glimmen', 'haren'),
('nieuwe Niedorp', 'hollands Kroon'),
('lengel', 'montferland'),
('anloo', 'aa en Hunze'),
('lijnden', 'haarlemmermeer'),
('scharnegoutum', 's&uacute;dwest-Frysl&acirc;n'),
('hoogland', 'amersfoort'),
('langweer', 'skasterlan'),
('ovezande', 'borsele'),
('krimpen aan de Lek', 'krimpen aan den IJssel'),
('groede', 'sluis'),
('kelpen-Oler', 'leudal'),
('een West', 'noordenveld'),
('ederveen', 'ede'),
('Drogeham', 'achtkarspelen'),
('driel', 'overbetuwe'),
('nieuw-Schoonebeek', 'emmen'),
('zenderen', 'borne'),
('bentveld', 'zandvoort'),
('tollebeek', 'noordoostpolder'),
('almen', 'lochem'),
('kehl (D)', 'Kehl (D)'),
('salzkotten (D)', 'salzkotten (D)'),
('bitburg (D)', 'bitburg (D)'),
('puttershoek', 'binnenmaas'),
('deinze (B)', 'deinze (B)'),
('willemstad', 'moerdijk'),
('esbeek', 'hilvarenbeek'),
('kerkdriel', 'maasdriel'),
('kraggenburg', 'noordoostpolder'),
('velddriel', 'maasdriel'),
('slootdorp', 'hollands Kroon'),
('gorssel', 'lochem'),
('krabbendijke', 'reimerswaal'),
('kerkwerve', 'schouwen-Duiveland'),
('ommel', 'asten'),
('lollum', 's&uacute;dwest-Frysl&acirc;n'),
('de Lutte', 'losser'),
('elsloo', 'stein'),
('nigtevegt', 'stichtse Vecht'),
('ter Apel', 'vlagtwedde'),
('steensel', 'eersel'),
('hoogkarspel', 'drechterland'),
('ezinge', 'winsum'),
('odijk', 'bunnik'),
('Oudeschoot', 'heerenveen'),
('IJsselmuiden', 'kampen'),
('beetgum', 'menaldumadeel'),
('schipluiden', 'midden-Delfland'),
('wilgen', 'smallingerland'),
('ryptsjerk', 'tytsjerksteradiel'),
('baaiduinen', 'terschelling'),
('onnen', 'haren'),
('thesinge', 'ten Boer'),
('aalden', 'coevorden'),
('schoonebeek', 'emmen'),
('Exloermond', 'borger-Odoorn'),
('nieuw-Roden', 'noordenveld'),
('mantinge', 'midden-Drenthe'),
('hooghalen', 'midden-Drenthe'),
('dalen', 'coevorden'),
('barger-Compascuum', 'emmen'),
('schoonloo', 'aa en Hunze'),
('baars', 'steenwijkerland'),
('heino', 'raalte'),
('keijenborg', 'bronckhorst'),
('eefde', 'lochem'),
('mander', 'tubbergen'),
('oosterbeek', 'renkum'),
('escharen', 'grave'),
('Lienden', 'wijchen'),
('enspijk', 'geldermalsen'),
('alem', 'maasdriel'),
('ameide', 'zederik'),
('giessenburg', 'giessenlanden'),
('broekhuizenvorst', 'horst aan de Maas'),
('nieuwstadt', 'echt-Susteren'),
('grubbenvorst', 'horst aan de Maas'),
('herkenbosch', 'roerdalen'),
('hulsberg', 'nuth'),
('puth', 'schinnen'),
('holtum', 'sittard-Geleen'),
('rijckholt', 'eijsden-Margraten'),
('baarlo', 'peel en Maas'),
('bant', 'noordoostpolder'),
('midsland', 'terschelling'),
('vondelingenplaat', 'rotterdam'),
('berghem', 'oss'),
('wezuperbrug', 'coevorden'),
('Megen', 'oss'),
('Abbenes', 'haarlemmermeer'),
('Koudekerk aan de Rijn', 'rijnwoude'),
('opperdoes', 'medemblik'),
('leermens', 'loppersum'),
('bosch en Duin', 'zeist'),
('grathem', 'leudal'),
('Leuvenheim', 'brummen'),
('langerak', 'molenland'),
('cruquius', 'haarlemmermeer'),
('mesch', 'eijsden-Margraten'),
('gemonde', 'sint-Michielsgestel'),
('oeffelt', 'boxmeer'),
('Zevenhoven', 'nieuwkoop'),
('nuis', 'marum'),
('beusichem', 'buren'),
('Creil', 'noordoostpolder'),
('Strijbeek', 'alphen-Chaam'),
('Luttelgeest', 'noordoostpolder'),
('Rhoon', 'albrandswaard'),
('Sambeek', 'boxmeer'),
('Stevensbeek', 'sint Anthonis'),
('Riethoven', 'bergeijk'),
('Westzaan', 'zaanstad'),
('Maurik', 'buren'),
('Kudelstaart', 'aalsmeer'),
('Diepenveen', 'deventer'),
('Achterveld', 'barneveld'),
('lisserbroek', 'haarlemmermeer'),
('mijndrecht', 'de Ronde Venen'),
('Warns', 's&uacute;dwest-Frysl&acirc;n'),
('sprundel', 'rucphen'),
('velden', 'arcen en Velden'),
('Wouw', 'roosendaal'),
('Heeten', 'raalte'),
('Venego (IT)', 'Venego (IT)'),
('frankfurt am Main (D)', 'frankfurt am Main (D)'),
('Emmerich am Main (D)', 'emmerich am Rhein (D)'),
('Swindon (eng)', 'swindon (ENG)'),
('Westmalle (B)', 'westmalle (B)'),
('Olen (B)', 'olen (B)'),
('Netley (AUS)', 'netley (AUS)'),
('Ternat (B)', 'ternat (B)'),
('Zelzate (B)', 'zelzate (B)'),
('Halen (B)', 'halen (B)'),
('Dohr (D)', 'dohr (D)'),
('Beveren (B)', 'beveren (B)'),
('Berchem (B)', 'berchem (B)'),
('Lustin (B)', 'lustin (B)'),
('Villepinte (FR)', 'villepinte'),
('Quenast (B)', 'quenast (B)'),
('Ingelmunster (B)', 'ingelmunster (B)'),
('Malle (B)', 'malle (B)'),
('Destelbergen (B)', 'destelbergen (B)'),
('Kruishoutem (B)', 'kruishoutem (B)'),
('Malmedy (B)', 'malmedy (B)'),
('Knesselare (B)', 'knesselare (B)'),
('Birkenfeld (D)', 'Birkenfeld (D)'),
('Reninge (B)', 'Reninge (B)'),
('Borgloon (B)', 'borgloon (B)'),
('schelle (B)', 'schelle (B)'),
('susteren', 'echt-Susteren'),
('gulpen', 'gulpen-Wittem'),
('schoten (B)', 'schoten (B)'),
('emmerich am Rhein (D)', 'emmerich am Rhein (D)'),
('tielen (B)', 'tielen (B)'),
('seva Barcelona (SP)', 'Seva Barcelona (SP)'),
('zingem (B)', 'zingem (B)'),
('turnhout (B)', 'turnhout (B)'),
('hamburg (D)', 'hamburg (D)'),
('uitgeest', 'hoorn'),
('ouddorp', 'dirksland'),
('heilo', 'heiloo'),
('oudewater', 'oudewater'),
('velsen-Noord', 'velsen'),
('merksem (B)', 'merksem (B)'),
('hoeilaart (B)', 'hoeilaart (B)'),
('joure', 'skasterlan'),
('Rennes Cedex (FR)', 'Rennes Cedex (FR)'),
('Tuttlingen (D)', 'Tuttlingen (D)'),
('hamont (B)', 'hamont (B)'),
('nieuwerkerk', 'zuidplas'),
('Groot-Genhout', 'beek (L)'),
('Sint Philipsland', 'tholen'),
('Orvelte', 'midden-Drenthe'),
('pittem (B)', 'Pittem (B)'),
('Enns (AUT)', 'Enns (AUT)'),
('estenfeld (D)', 'estenfeld (D)'),
('windhof (LUX)', 'windhof (LUX)'),
('de aldtsjerk', 'tytsjerksteradiel'),
('dusseldorf (D)', 'Dusseldorf (D)'),
('laren', 'lochem'),
('zolder (B)', 'zolder (B)'),
('dreumel', 'west Maas en Waal'),
('america', 'horst aan de Maas'),
('donkerbroek', 'ooststellingwerf'),
('vlierden', 'deurne'),
('garderen', 'barneveld'),
('doorn', 'utrechtse Heuvelrug'),
('gasselternijveen', 'aa en Hunze'),
('eastermar', 'tytsjerksteradiel'),
('retie (B)', 'retie (B)'),
('sijbekarspel', 'medemblik'),
('ypecolsga', 's&uacute;dwest-Frysl&acirc;n'),
('nij Beets', 'opsterland'),
('sint Maartensburg', 'schagen'),
('Buinen', 'borger-Odoorn'),
('schermerhorn', 'schermer'),
('sint Annaparochie', 'het Bildt'),
('overdinkel', 'losser'),
('knegsel', 'eersel'),
('ferwert', 'ferwerderadiel'),
('lathum', 'zevenaar'),
('rozenburg', 'rotterdam'),
('arrien', 'ommen'),
('hindeloopen', 's&uacute;dwest-Frysl&acirc;n'),
('oudega sudwest-fryslan', 's&uacute;dwest-Frysl&acirc;n'),
('harfsen', 'lochem'),
('kapellebrug', 'hulst'),
('de Rips', 'gemert-Bakel'),
('jisp', 'wormerland'),
('beinsdorp', 'haarlemmermeer'),
('espel', 'noordoostpolder'),
('lewedorp', 'borsele'),
('winterswijk-Corle', 'winterswijk'),
('geijsteren', 'venray'),
('weiteveen', 'emmen'),
('katwoude', 'waterland'),
('oosterend-terschelling', 'terschelling'),
('de Steeg', 'rheden'),
('kwadijk', 'zeevang'),
('drunen', 'heusden'),
('rijkevoort', 'boxmeer'),
('tinte', 'westvoorne'),
('spanbroek', 'opmeer (nh)'),
('amstelhoek', 'de Ronde Venen'),
('maastricht-Airport', 'maastricht'),
('kockengen', 'stichtse Vecht'),
('wijnjewoude', 'opsterland'),
('annerveenschekanaal', 'aa en Hunze'),
('mirns', 'gaasterlan-Sleat'),
('wellerlooi', 'bergen (l)'),
('diffelen', 'hardenberg'),
('holthees', 'boxmeer'),
('overveen', 'bloemendaal'),
('lageland', 'slochteren'),
('wateren', 'oegstgeest'),
('IJlst', 's&uacute;dwest-Frysl&acirc;n'),
('doniaga', 'skasterlan'),
('rottum', 'skasterlan'),
('ospel', 'nederweert'),
('sint Nicolaasga', 'skasterlan'),
('earnewald', 'tytsjerksteradiel'),
('wezemaal (B)', 'wezemaal (B)'),
('solingen (D)', 'solingen (D)'),
('luxemburg (LUX)', 'luxemburg (LUX)'),
('kessel', 'peel en Maas'),
('avenhorm', 'koggenland'),
('hengelo (gld)', 'bronckhorst'),
('siddeburen', 'slochteren'),
('nijhehaske', 'skasterlan'),
('monschau (D)', 'monschau (D)'),
('lemele', 'ommen'),
('hall', 'brummen'),
('bovensmilde', 'midden-Drenthe'),
('riumst (B)', 'riumst (B)'),
('volkel', 'uden'),
('terkaple', 'scharsterland'),
('berkenwoude', 'bergambacht'),
('leudelange (LUX)', 'Leudelange (LUX)'),
('giesbeek', 'zevenaar'),
('pieterburen', 'de Marne'),
('tjalleberd', 'heerenveen'),
('rijsenhout', 'haarlemmermeer'),
('ophemert', 'neerijnen'),
('ouderkerk aan de Amstel', 'ouder-Amstel'),
('beetsterzwaag', 'opsterland'),
('beugen', 'boxmeer'),
('heel', 'maasgouw'),
('barger-Compascuum', 'emmen'),
('gasteren', 'aa en Hunze'),
('avezaath', 'buren'),
('stroobos', 'achtkarspelen'),
('borkel en Schaft', 'valkenswaard'),
('garyp', 'tytsjerksteradiel'),
('dilsen (B)', 'dilsen (B)'),
('eexterveenschekanaal', 'aa en Hunze'),
('bergharen', 'wijchen'),
('mouscron (B)', 'mouscron (B)'),
('swolgen', 'horst aan de Maas'),
('nijeveen', 'meppel'),
('broek', 'de Marne'),
('sibculo', 'hardenberg'),
('driebruggen', 'bodegraven-Reeuwijk'),
('heinenoord', 'binnenmaas'),
('wervik (B)', 'wervik (B)'),
('grolloo', 'aa en Hunze'),
('bozum', 'littenseradiel'),
('shanghai (CH)', 'shanghai (CH)'),
('chicago (VS)', 'chicago (VS)'),
('milaan (IT)', 'milaan (IT)'),
('malm&ouml; (SE)', 'malm&ouml; (SE)'),
('goudriaan', 'molenland'),
('moerkerke (b)', 'damme'),
('hillegom (nh)', 'hillegom (nh)'),
('maaseik', 'maaseik'),
('nuenen', 'nuenen'),
('hapert', 'maasdriel'),
('opmeer', 'opmeer'),
('spanbroek', 'opmeer'),
('hellevoetsluis', 'delft'),
('zwolle', 'amsterdam'),
('hoeilaart', 'hoeilaart'),
('schijndel', 'uden'),
('zevenaar', 'rheden'),
('nieuwerkerk aan den  IJssel', 'zuidplas'),
('dordrecht', 'lopik'),
('bouwel (B)', 'Bouwel (B)'),
('evergem (B)', 'evergem (B)'),
('sint-Job-in-\'t-Goor (B)', 'sint-job-in-\'t-goor (B)'),
('burgerveen', 'haarlemmermeer'),
('geel (B)', 'geel (B)'),
('Parijs (fr)', 'Parijs (fr)');
INSERT INTO `c` (`city_name`, `commune_name`) VALUES
('Madrid (SP)', 'Madrid (SP)'),
('Bredene (B)', 'Bredene (B)'),
('nurnberg (D)', 'nurnberg (D)'),
('Barcelona (SP)', 'barcelona (SP)'),
('doldersum', 'westerveld'),
('westerbork', 'midden-Drenthe'),
('kollum', 'kollumerland en Nieuwkruisland'),
('hazerswoude Dorp', 'rijnwoude'),
('meerkerk', 'zederik'),
('gasselternijveen', 'aa en Hunze'),
('nieuw-weerdinge', 'emmen'),
('haule', 'ooststellingwerf'),
('maasbree', 'peel en Maas'),
('bornerbroek', 'almelo'),
('\'s-Heerenbroek', 'kampen'),
('rijpwetering', 'kaag en Braassem'),
('de Mortel', 'gemert-Bakel'),
('hasselt', 'zwartewaterland'),
('benningbroek', 'medemblik'),
('nijehaske', 'heerenveen'),
('haulerwijk', 'ooststellingwerf'),
('bierbeek (B)', 'bierbeek (B)'),
('bonheiden (B)', 'INVALID'),
('hin', 'INVALID'),
('eede', 'sluis'),
('koewacht', 'terneuzen'),
('Hezingen', 'tubbergen'),
('Nieuw-beijerland', 'korendijk'),
('Oranje', 'midden-Drenthe'),
('De waal', 'texel'),
('Burdaard', 'ferwerderadiel'),
('Nieuw balinge', 'midden-Drenthe'),
('nieuwersluis', 'stichtse Vecht'),
('hoogenweg', 'hardenberg'),
('leveroy', 'weert'),
('kerkenveld', 'de Wolden'),
('munstergeleen', 'sittard-Geleen'),
('alteveer', 'stadskanaal'),
('rekken', 'berkelland'),
('westergeest', 'kollumerland en Nieuwkruisland'),
('langeveen', 'tubbergen'),
('ooltgensplaat', 'goeree-overflakkee'),
('ureterp', 'opsterland'),
('leerbroek', 'zederik'),
('nieuwlande', 'coevorden'),
('anna paulowna', 'hollands Kroon'),
('aalst (gld)', 'zaltbommel'),
('sas van gent', 'terneuzen'),
('kloetinge', 'goes'),
('nijhuizum', 's&uacute;dwest-Frysl&acirc;n'),
('broek in waterland', 'waterland'),
('stramproy', 'weert'),
('helden', 'peel en Maas'),
('terherne', 'boarnsterhim'),
('tytsjerk', 'tytsjerksteradiel'),
('melick', 'roerdalen'),
('noordwelle', 'schouwen-Duiveland'),
('steggerda', 'weststellingwerf'),
('urmond', 'stein'),
('hoornaar', 'giessenlanden'),
('rheeze', 'hardenberg'),
('tienhoven', 'stichtse Vecht'),
('reutum', 'tubbergen'),
('etten', 'oude IJsselstreek'),
('tolbert', 'leek'),
('dalerveen', 'coevorden'),
('hee', 'terschelling'),
('zuidschermer', 'schermer'),
('hantum', 'dongeradeel'),
('harich', 'gaasterlan-Sleat'),
('lexmond', 'zederik'),
('koudekerke', 'veere'),
('kerkwijk', 'zaltbommel'),
('deurningen', 'dinkelland'),
('sibrandabuorren', 'boarnsterhim'),
('langelille', 'weststellingwerf'),
('sterksel', 'heeze-Leende'),
('deurningen', 'dinkelland'),
('wanneperveen', 'steenwijkerland'),
('nieuw-Amsterdam', 'emmen'),
('nieuwpoort', 'molenwaard'),
('zwartsluis', 'zwartewaterland'),
('europoort', 'rotterdam'),
('sloten (fr)', 'gaasterlan-Sleat'),
('nieuw-vossemeer', 'steenbergen'),
('uffelte', 'westerveld'),
('woubrugge', 'kaag en Braassem'),
('warder', 'zeevang'),
('ens', 'noordoostpolder'),
('opende', 'grootegast'),
('schoonoord', 'coevorden'),
('lippenhuizen', 'opsterland'),
('ijzendijke', 'sluis'),
('rolde', 'aa en Hunze'),
('roswinkel', 'emmen'),
('buren (fr)', 'ameland'),
('silvolde', 'oude IJsselstreek'),
('elp', 'midden-Drenthe'),
('hollum', 'ameland'),
('botlek', 'rotterdam'),
('goingarijp', 'skasterlan'),
('harskamp', 'ede'),
('oudemirdum', 'gaasterlan-Sleat'),
('oldeberkoop', 'ooststellingwerf'),
('abbekerk', 'medemblik'),
('nieuwerbrug', 'bodegraven-Reeuwijk'),
('harkstede', 'slochteren'),
('stroe', 'barneveld'),
('minnertsga', 'het Bildt'),
('grootebroek', 'stede Broec'),
('werkhoven', 'bunnik'),
('sluiskil', 'sluis'),
('twijzelerheide', 'achtkarspelen'),
('waskemeer', 'ooststellingwerf'),
('overzande', 'borsele'),
('fijnaart', 'moerdijk'),
('castenray', 'venray'),
('\'t harde', 'elburg'),
('heenvliet', 'bernisse'),
('teuge', 'voorst'),
('scharmer', 'slochteren'),
('vogelwaarde', 'hulst'),
('hummelo', 'bronckhorst'),
('hertme', 'borne'),
('wouwse', 'roosendaal'),
('oldehove', 'zuidhorn'),
('ammerstol', 'bergambacht'),
('grevenbicht', 'sittard-Geleen'),
('stiens', 'leeuwarderadeel'),
('nieuwe niedorp', 'hollands Kroon'),
('hoog soeren', 'apeldoorn'),
('broekhuizen', 'cromstrijen'),
('ter heij', 'INVALID'),
('ter heijde aan zee', 'westland'),
('spaar', 'INVALID'),
('spaarndam', 'haarlemmerliede en Spaarnwoude'),
('wird', 'INVALID'),
('wirdum', 'leeuwarden'),
('hoek', 'INVALID'),
('hoek', 'terneuzen'),
('annen', 'aa en Hunze'),
('bergentheim', 'hardenberg'),
('berkhout', 'koggenland'),
('breezand', 'hollands Kroon'),
('colmschate', 'deventer'),
('hellum', 'slochteren'),
('hernen', 'wijchen'),
('holwerd', 'dongeradeel'),
('hoogeloon', 'bladel'),
('hoogezand', 'hoogezand-Sappemeer'),
('ilpendam', 'waterland'),
('kruisland', 'steenbergen'),
('laage vuursche', 'baarn'),
('loenen aan de vecht', 'stichtse Vecht'),
('montfort', 'roerdalen'),
('muntendam', 'menterwolde'),
('niekerk', 'grootegast'),
('nieuwe-tonge', 'goeree-overflakkee'),
('oldemarkt', 'steenwijkerland'),
('oost-, west- en middelbeers', 'oirschot'),
('roggel', 'leudal'),
('roosteren', 'echt-Susteren'),
('smilde', 'midden-Drenthe'),
('tuk', 'steenwijkerland'),
('uithuizermeeden', 'eemsmond'),
('ulrum', 'de Marne'),
('valthermond', 'borger-Odoorn'),
('westerhaar-vriezenveensewijk', 'twenterand'),
('zuid-beijerland', 'korendijk'),
('zuidoostbeemster', 'beemster'),
('almkerk', 'woudrichem'),
('altforst', 'west Maas en Waal'),
('borger', 'borger-Odoorn'),
('brandwijk', 'molenwaard'),
('buchten', 'sittard-Geleen'),
('bunde', 'meerssen'),
('feanwalden', 'dantumadiel'),
('hagestein', 'vianen'),
('hallum', 'ferwerderadiel'),
('harkema', 'achtkarspelen'),
('heeg', 's&uacute;dwest-Frysl&acirc;n'),
('limbricht', 'sittard-Geleen'),
('metslawier', 'dongeradeel'),
('midlum', 'harlingen'),
('mook', 'mook en Middelaar'),
('muiderberg', 'muiden'),
('nieuw bergen', 'bergen (l)'),
('nieuw-lekkerland', 'molenwaard'),
('oenkerk', 'tytsjerksteradiel'),
('onstwedde', 'stadskanaal'),
('oudkarspel', 'langedijk'),
('rilland', 'reimerswaal'),
('sint-annaland', 'tholen'),
('spijk (gr)', 'delfzijl'),
('westbroek', 'de Bilt'),
('wolfheze', 'renkum'),
('baflo', 'winsum'),
('beers', 'cuijk'),
('britsum', 'leeuwarderadeel'),
('blijham', 'bellingwedde'),
('bovenkarspel', 'stede Broec'),
('buurmalsen (gld)', 'geldermalsen'),
('eelderwolde', 'tynaarlo'),
('eygelshoven', 'kerkrade'),
('halfweg', 'haarlemmerliede en Spaarnwoude'),
('halsteren', 'bergen op Zoom'),
('jabeek', 'onderbanken'),
('kloosterzande', 'hulst'),
('noorden', 'nieuwkoop'),
('oldeholtwolde', 'weststellingwerf'),
('overasselt', 'heumen'),
('riel', 'goirle'),
('sint maartensdijk', 'tholen'),
('sint pancras', 'langedijk'),
('standdaarbuiten', 'moerdijk'),
('tuitjenhorn', 'schagen'),
('ubbena', 'assen'),
('waarder', 'bodegraven-Reeuwijk'),
('witte paarden', 'steenwijkerland'),
('oud-zuilen', 'stichtse Vecht'),
('eext', 'aa en Hunze'),
('veenhuizen', 'noordenveld'),
('\'t zandt', 'loppersum'),
('haler', 'leudal'),
('koekange', 'de Wolden'),
('kuinre', 'steenwijkerland'),
('nederhemert', 'zaltbommel'),
('nes boarnsterhim', 'boarnsterhim'),
('noordbroek', 'menterwolde'),
('oosterstreek', 'weststellingwerf'),
('oudega smallingerland', 'smallingerland'),
('baak', 'bronckhorst'),
('berg en dal', 'groesbeek'),
('garmerwolde', 'ten Boer'),
('herveld', 'overbetuwe'),
('leuth', 'ubbergen'),
('meeden', 'menterwolde'),
('oudega-smallingerlind', 'INVALID'),
('hengelo', 'INVALID'),
('geesteren gld', 'INVALID'),
('beek (lb)', 'INVALID'),
('hoorn nh', 'INVALID'),
('alteveer gn', 'INVALID'),
('rossum ov', 'INVALID'),
('oosterhout nb', 'oosterhout (nb)'),
('spijk gld', 'INVALID'),
('horn', 'INVALID'),
('einighausen', 'INVALID'),
('s gravenzande', 'westland'),
('wouwse plantage', 'INVALID'),
('geulle', 'INVALID'),
('t harde', 'INVALID'),
('s heerenberg', 'INVALID'),
('botlek rotterdam', 'INVALID'),
('buren fr', 'INVALID'),
('hoenderloo', 'INVALID'),
('grorinchem', 'INVALID'),
('amstenrade', 'INVALID'),
('winterswijl-huppel', 'INVALID'),
('goude', 'INVALID'),
('oostwold gem leek', 'INVALID'),
('sloten fr', 'INVALID'),
('europoort rotterdam', 'INVALID'),
('sint geertruid', 'INVALID'),
('etten gld', 'INVALID'),
('tienhoven ut', 'INVALID'),
('katwijk aan zee', 'INVALID'),
('siegerswoude', 'opsterland'),
('de cocksdorp', 'texel'),
('Hulshout (B)', 'hulshout (B)'),
('noordwolde', 'weststellingwerf'),
('kloosterburen', 'de Marne'),
('raerd', 'boarnsterhim'),
('M&ucirc;nein', 'tytsjerksteradiel'),
('munein', 'tytsjerksteradiel'),
('koudum', 's&uacute;dwest-Frysl&acirc;n'),
('noardburgum', 'tytsjerksteradiel'),
('zweins', 'franekeradeel'),
('noordscheschut', 'hoogeveen'),
('ouderkerk aan den IJssel', 'ouderkerk'),
('castelre', 'baarle-Nassau'),
('zaamslag', 'terneuzen'),
('manderveen', 'tubbergen'),
('hekelingen', 'spijkenisse'),
('sweikhuizen', 'schinnen'),
('berltsum', 'menaldumadeel'),
('breedenbroek', 'oude IJsselstreek'),
('zegveld', 'woerden'),
('starnmeer', 'graft-de Rijp'),
('nieuwer ter aa', 'stichtse Vecht'),
('winssen', 'beuningen'),
('streefkerk', 'molenwaard'),
('kats', 'noord-Beveland'),
('oosterzee', 'lemsterland'),
('ottersum', 'gennep'),
('geervliet', 'bernisse'),
('snakkerburen', 'leeuwarden'),
('westdorpe', 'terneuzen'),
('saasveld', 'dinkelland'),
('dussen', 'werkendam'),
('doornspijk', 'elburg'),
('wieringerwaard', 'hollands Kroon'),
('kedichem', 'leerdam'),
('kantens', 'eemsmond'),
('haarsteeg', 'heusden'),
('sumar', 'tytsjerksteradiel'),
('nietap', 'leek'),
('obbicht', 'sittard-Geleen'),
('randwijk', 'overbetuwe'),
('daarlerveen', 'hellendoorn'),
('nijemirdum', 'gaasterlan-Sleat'),
('opijnen', 'neerijnen'),
('walterswald', 'dantumadiel'),
('de Kiel', 'coevorden'),
('eckelrade', 'eijsden-Margraten'),
('pesse', 'hoogeveen'),
('zandeweer', 'eemsmond'),
('boven-Leeuwen', 'west Maas en Waal'),
('kolham', 'de Marne'),
('driezum', 'dantumadiel'),
('oostwoud', 'medemblik'),
('blankenham', 'steenwijkerland'),
('wanssum', 'horst aan de Maas'),
('hedikhuizen', 'INVALID'),
('hedikhuizen', 'heusden'),
('drouwenermond', 'borger-Odoorn'),
('oudheusden', 'heusden'),
('tzum', 'franekeradeel'),
('striep', 'INVALID'),
('striep', 'terschelling'),
('zwagerbosch', 'kollumerland en Nieuwkruisland'),
('rietmolen', 'INVALID'),
('veenoord', 'INVALID'),
('veenoord', 'emmen'),
('kolderwolde', 'INVALID'),
('kolderwolde', 'gaasterlan-Sleat'),
('suwald', 'INVALID'),
('suwald', 'tytsjerksteradiel'),
('blitterswijck', 'INVALID'),
('blitterswijck', 'venray'),
('hoedekenskerke', 'INVALID'),
('hoedekenskerke', 'borsele'),
('wytgaard', 'INVALID'),
('wytgaard', 'leeuwarden'),
('hilaard', 'INVALID'),
('hilaard', 'littenseradiel'),
('merselo', 'INVALID'),
('merselo', 'venray'),
('onna', 'INVALID'),
('onna', 'steenwijkerland'),
('oudendijk', 'INVALID'),
('oudendijk', 'koggenland'),
('uitwellingerga', 'INVALID'),
('uitwellingerga', 's&uacute;dwest-Frysl&acirc;n'),
('winneweer', 'INVALID'),
('winneweer', 'ten Boer'),
('nieuwdorp', 'INVALID'),
('nieuwdorp', 'borsele'),
('abbenbroek', 'INVALID'),
('abbenbroek', 'bernisse'),
('mariënberg', 'INVALID'),
('rotsterhaule', 'INVALID'),
('rotsterhaule', 'skasterlan'),
('stad aan \'t haringvliet', 'INVALID'),
('stad aan \'t Haringvliet', 'goeree-overflakkee'),
('groet', 'INVALID'),
('groet', 'bergen (nh)'),
('ane', 'INVALID'),
('ane', 'hardenberg'),
('jutrijp', 'INVALID'),
('jutrijp', 's&uacute;dwest-Frysl&acirc;n'),
('meterik', 'INVALID'),
('meterik', 'horst aan de Maas'),
('drouwenerveen', 'INVALID'),
('drouwenerveen', 'borger-Odoorn'),
('langbroek', 'INVALID'),
('langbroek', 'wijk bij Duurstede'),
('stolwijk', 'INVALID'),
('stolwijk', 'vlist'),
('pingjum', 'INVALID'),
('pingjum', 's&uacute;dwest-Frysl&acirc;n'),
('pannerden', 'INVALID'),
('pannerden', 'rijnwaarden'),
('nieuw-dordrecht', 'INVALID'),
('nieuw-Dordrecht', 'emmen'),
('oentsjerk', 'INVALID'),
('oentsjerk', 'tytsjerksteradiel'),
('esch', 'INVALID'),
('esch', 'haaren'),
('roderwolde', 'INVALID'),
('roderwolde', 'noordenveld'),
('beemte broekland', 'INVALID'),
('beemte broekland', 'apeldoorn'),
('drachtstercompagnie', 'INVALID'),
('drachtstercompagnie', 'smallingerland'),
('lutjebroek', 'INVALID'),
('lutjebroek', 'stede Broec'),
('hoofdplaat', 'INVALID'),
('surhuizum', 'INVALID'),
('surhuizum', 'achtkarspelen'),
('westhoek', 'INVALID'),
('westhoek', 'het Bildt'),
('scharsterburg', 'INVALID'),
('schasterburg', 'skasterlan'),
('langeweg', 'INVALID'),
('langeweg', 'moerdijk'),
('kolhom', 'INVALID'),
('marsum', 'INVALID'),
('marsum', 'menaldumadeel'),
('sint hubert', 'INVALID'),
('sint Hubert', 'mill en Sint Hubert'),
('kiel-windeweer', 'INVALID'),
('kiel-Windeweer', 'hoogezand-Sappemeer'),
('kwadendamme', 'INVALID'),
('kwadendamme', 'borsele'),
('groenekan', 'INVALID'),
('groenekan', 'de Bilt'),
('nispen', 'INVALID'),
('nispen', 'roosendaal'),
('zijderveld', 'INVALID'),
('zijderveld', 'vianen'),
('achtmaal', 'INVALID'),
('achtmaal', 'zundert'),
('zennewijnen', 'INVALID'),
('zennewijnen', 'tiel'),
('feerwerd', 'INVALID'),
('feerwerd', 'tiel'),
('tiendeveen', 'INVALID'),
('tiendeveen', 'hoogeveen'),
('de weere', 'INVALID'),
('de Weere', 'opmeer'),
('ottoland', 'INVALID'),
('ottoland', 'molenwaard'),
('oploo', 'INVALID'),
('oploo', 'sint Anthonis'),
('scheerwolde', 'INVALID'),
('scheerwolde', 'steenwijkerland'),
('kuitaart', 'INVALID'),
('kuitaart', 'hulst'),
('harreveld', 'INVALID'),
('harreveld', 'oostgelre'),
('herwijnen', 'INVALID'),
('herwijnen', 'lingewaal'),
('hekendorp', 'INVALID'),
('Hekendorp', 'oudewater'),
('folsgare', 'INVALID'),
('folsgare', 'oudewater'),
('puiflijk', 'INVALID'),
('puiflijk', 'druten'),
('zwartemeer', 'INVALID'),
('zwartemeer', 'emmen'),
('lutjegast', 'INVALID'),
('lutjegast', 'grootegast'),
('wilhelminadorp', 'INVALID'),
('wilhelminadorp', 'goes'),
('nieuw Namen', 'INVALID'),
('nieuw Namen', 'hulst'),
('rottevalle', 'INVALID'),
('rottevalle', 'smallingerland'),
('schildwolde', 'INVALID'),
('schildwolde', 'slochteren'),
('beerzerveld', 'INVALID'),
('beerzerveld', 'ommen'),
('langezwaag', 'INVALID'),
('langezwaag', 'opsterland'),
('blauwhuis', 'INVALID'),
('blauwhuis', 's&uacute;dwest-Frysl&acirc;n'),
('griendtsveen', 'INVALID'),
('griendtsveen', 'horst aan de Maas'),
('heerewaarden', 'INVALID'),
('heerewaarden', 'maasdriel'),
('burgwerd', 'INVALID'),
('burgwerd', 's&uacute;dwest-Frysl&acirc;n'),
('holthone', 'INVALID'),
('holthone', 'hardenberg'),
('wagenborgen', 'INVALID'),
('wagenborgen', 'delfzijl'),
('veessen', 'INVALID'),
('veessen', 'heerde'),
('kropswolde', 'INVALID'),
('kropswolde', 'hoogezand-Sappemeer'),
('lepelstraat', 'INVALID'),
('lepelstraat', 'bergen op Zoom'),
('willemsoord', 'INVALID'),
('willemsoord', 'steenwijkerland'),
('biezenmortel', 'INVALID'),
('wintelre', 'INVALID'),
('wintelre', 'eersel'),
('noordbeemster', 'INVALID'),
('noordbeemster', 'beemster'),
('wagenberg', 'INVALID'),
('wagenberg', 'drimmelen'),
('foxhol', 'INVALID'),
('foxhol', 'hoogezand-Sappemeer'),
('zeijen', 'INVALID'),
('zeijen', 'tynaarlo'),
('stoutenburg', 'INVALID'),
('stoutenburg', 'amersfoort'),
('hansweert', 'INVALID'),
('hansweert', 'reimerswaal'),
('ravenswoud', 'INVALID'),
('ravenswoud', 'ooststellingwerf'),
('bunne', 'INVALID'),
('bunne', 'tynaarlo'),
('rouveen', 'INVALID'),
('rouveen', 'staphorst'),
('den velde', 'INVALID'),
('den Velde', 'hardenberg'),
('hemrik', 'INVALID'),
('hemrik', 'opsterland'),
('haringhuizen', 'INVALID'),
('haringhuizen', 'hollands Kroon'),
('zegge', 'INVALID'),
('zegge', 'rucphen'),
('donderen', 'INVALID'),
('donderen', 'tynaarlo'),
('zwartebroek', 'INVALID'),
('zwartebroek', 'barneveld'),
('hengstdijk', 'INVALID'),
('hengstdijk', 'hulst'),
('oosthem', 'INVALID'),
('oosthem', 's&uacute;dwest-Frysl&acirc;n'),
('sint Jansklooster', 'INVALID'),
('sint Jansklooster', 'steenwijkerland'),
('jelsum', 'INVALID'),
('jelsum', 'leeuwarderadeel'),
('it Heidenskip', 'INVALID'),
('it Heidenskip', 's&uacute;dwest-Frysl&acirc;n'),
('bredevoort', 'INVALID'),
('bredevoort', 'aalten'),
('ingelum', 'INVALID'),
('ingelum', 'menaldumadeel'),
('oirsbeek', 'INVALID'),
('oirsbeek', 'schinnen'),
('sint Odiliënberg', 'INVALID'),
('eagum', 'INVALID'),
('eagum', 'boarnsterhim'),
('nieuwaal', 'INVALID'),
('nieuwaal', 'zaltbommel'),
('rutten', 'INVALID'),
('rutten', 'noordoostpolder'),
('dongjum', 'INVALID'),
('dongjum', 'franekeradeel'),
('lage vuursche', 'INVALID'),
('lage Vuursche', 'baarn'),
('haarle', 'INVALID'),
('Haarle', 'hellendoorn'),
('maasbommel', 'INVALID'),
('maasbommel', 'west Maas en Waal'),
('vragender', 'INVALID'),
('vragender', 'oost Gelre'),
('haghorst', 'INVALID'),
('haghorst', 'hilvarenbeek'),
('hooglanderveen', 'INVALID'),
('hooglanderveen', 'amersfoort'),
('papenvoort', 'INVALID'),
('papenvoort', 'aa en Hunze'),
('burum', 'INVALID'),
('burum', 'kollumerland en Nieuwkruisland'),
('tilligte', 'INVALID'),
('tilligte', 'dinkelland'),
('galder', 'INVALID'),
('galder', 'alphen-Chaam'),
('ravenswaaij', 'INVALID'),
('ravenswaaij', 'buren'),
('ulicoten', 'INVALID'),
('ulicoten', 'baarle-Nassau'),
('ommeren', 'INVALID'),
('ommeren', 'buren'),
('klijndijk', 'INVALID'),
('klijndijk', 'borger-Odoorn'),
('zevenbergschen Hoek', 'INVALID'),
('zevenbergschen hoek', 'moerdijk'),
('nijega', 'INVALID'),
('nijega', 'smallingerland'),
('sint-Jacobiparochie', 'INVALID'),
('sint-jacobiparochie', 'het Bildt'),
('den oever', 'INVALID'),
('Den Oever', 'hollands Kroon'),
('baard', 'INVALID'),
('baard', 'littenseradiel'),
('mussel', 'INVALID'),
('mussel', 'stadskanaal'),
('valburg', 'INVALID'),
('valburg', 'overbetuwe'),
('beegden', 'INVALID'),
('beegden', 'maasgouw'),
('rohel', 'INVALID'),
('rohel', 'skasterlan'),
('de hoeve', 'INVALID'),
('de Hoeve', 'weststellingwerf'),
('broekland', 'INVALID'),
('broekland', 'raalte'),
('meppen', 'INVALID'),
('geesbrug', 'INVALID'),
('geesbrug', 'coevorden'),
('damwald', 'INVALID'),
('damwald', 'dantumadiel'),
('hulsel', 'INVALID'),
('hulsel', 'reusel de Mierden'),
('holwierde', 'INVALID'),
('holwierde', 'delfzijl'),
('haskerdijken', 'INVALID'),
('haskerdijken', 'skasterlan'),
('gieterveen', 'INVALID'),
('gieterveen', 'aa en Hunze'),
('heikant', 'INVALID'),
('heikant', 'hulst'),
('schipborg', 'INVALID'),
('schipborg', 'aa en Hunze'),
('batenburg', 'INVALID'),
('batenburg', 'wijchen'),
('standaardbuiten', 'INVALID'),
('standaardbuiten', 'moerdijk'),
('reitsum', 'INVALID'),
('reitsum', 'ferwerderadiel'),
('nederasselt', 'INVALID'),
('nederasselt', 'heumen'),
('molenaarsgraaf', 'INVALID'),
('molenaarsgraaf', 'molenwaard'),
('buggenum', 'INVALID'),
('buggenum', 'leudal'),
('zandhuizen', 'INVALID'),
('zandhuizen', 'weststellingwerf'),
('westershoof', 'INVALID'),
('toldijk', 'INVALID'),
('toldijk', 'bronckhorst'),
('de hoef', 'INVALID'),
('de Hoef', 'de Ronde Venen'),
('stampersgat', 'INVALID'),
('stampersgat', 'halderberge'),
('ingen', 'INVALID'),
('ingen', 'buren'),
('hoogblokland', 'INVALID'),
('hoogblokland', 'giessenlanden'),
('luttenberg', 'INVALID'),
('luttenberg', 'raalte'),
('kollumerpomp', 'INVALID'),
('kollumerpomp', 'kollumerland en Nieuwkruisland'),
('nisse', 'INVALID'),
('nisse', 'borsele'),
('jistrum', 'INVALID'),
('jistrum', 'tytsjerksteradiel'),
('wanroij', 'INVALID'),
('wanroij', 'sint Anthonis'),
('engwierum', 'INVALID'),
('engwierum', 'dongeradeel'),
('meern', 'INVALID'),
('meern', 'utrecht'),
('piraeus', 'INVALID'),
('spankeren', 'INVALID'),
('spankeren', 'rheden'),
('krewerd', 'INVALID'),
('krewerd', 'delfzijl'),
('noordeloos', 'INVALID'),
('maarsbergen', 'INVALID'),
('maarsbergen', 'utrechtse Heuvelrug'),
('langenboom', 'INVALID'),
('langenboom', 'mill en Sint Hubert'),
('oudleusen', 'dalfsen'),
('oudleusen', 'dalfsen'),
('sint-kateline-waver (B)', 'INVALID'),
('swifterbant', 'INVALID'),
('swifterbant', 'dronten'),
('zwartewaal', 'INVALID'),
('zwartewaal', 'brielle'),
('goudswaard', 'INVALID'),
('goudswaard', 'korendijk'),
('bontebok', 'INVALID'),
('bontebok', 'heerenveen'),
('beritsum', 'INVALID'),
('beritsum', 'menaldumadeel'),
('munnekezijl', 'INVALID'),
('munnekezijl', 'kollumerland en Nieuwkruisland'),
('gytsjerk', 'INVALID'),
('gytsjerk', 'tytsjerksteradiel'),
('brakel', 'INVALID'),
('brakel', 'zaltbommel'),
('de Moer', 'loon op Zand'),
('Onbekende stad', 'INVALID');

--
-- Indexen voor geëxporteerde tabellen
--

--
-- Indexen voor tabel `c`
--
ALTER TABLE `c`
  ADD PRIMARY KEY (`id`),
  ADD KEY `fk_city_commune` (`commune_ID`);

--
-- AUTO_INCREMENT voor geëxporteerde tabellen
--

--
-- AUTO_INCREMENT voor een tabel `c`
--
ALTER TABLE `c`
  MODIFY `id` int(11) NOT NULL AUTO_INCREMENT, AUTO_INCREMENT=10000;

--
-- Beperkingen voor geëxporteerde tabellen
--

--
-- Beperkingen voor tabel `c`
--
ALTER TABLE `c`
  ADD CONSTRAINT `fk_city_commune` FOREIGN KEY (`commune_ID`) REFERENCES `g` (`id`) ON UPDATE CASCADE;
COMMIT;

/*!40101 SET CHARACTER_SET_CLIENT=@OLD_CHARACTER_SET_CLIENT */;
/*!40101 SET CHARACTER_SET_RESULTS=@OLD_CHARACTER_SET_RESULTS */;
/*!40101 SET COLLATION_CONNECTION=@OLD_COLLATION_CONNECTION */;
