-- phpMyAdmin SQL Dump
-- version 5.2.1
-- https://www.phpmyadmin.net/
--
-- Host: 127.0.0.1
-- Gegenereerd op: 15 dec 2025 om 15:33
-- Serverversie: 10.4.32-MariaDB
-- PHP-versie: 8.2.12

SET SQL_MODE = "NO_AUTO_VALUE_ON_ZERO";
START TRANSACTION;
SET time_zone = "+00:00";


/*!40101 SET @OLD_CHARACTER_SET_CLIENT=@@CHARACTER_SET_CLIENT */;
/*!40101 SET @OLD_CHARACTER_SET_RESULTS=@@CHARACTER_SET_RESULTS */;
/*!40101 SET @OLD_COLLATION_CONNECTION=@@COLLATION_CONNECTION */;
/*!40101 SET NAMES utf8mb4 */;

--
-- Database: `mhl`
--

-- --------------------------------------------------------

--
-- Tabelstructuur voor tabel `mhl_cities`
--

CREATE TABLE `mhl_cities` (
  `id` int(11) NOT NULL,
  `commune_ID` int(11) NOT NULL DEFAULT 0,
  `name` varchar(100) DEFAULT NULL
) ENGINE=InnoDB DEFAULT CHARSET=utf8 COLLATE=utf8_general_ci COMMENT='Plaatsnamen per gemeente';

--
-- Gegevens worden geëxporteerd voor tabel `mhl_cities`
--

INSERT INTO `mhl_cities` (`name`) VALUES
('\'s Graveland'),
('\'s Gravendeel'),
('\'s Gravenmoer'),
('\'s Gravenpolder'),
('\'s Gravenzande'),
('\'s Heerenberg'),
('\'s-Heerenbroek'),
('\'t Ges'),
('\'t harde'),
('\'t Loo'),
('\'t Loo (nb)'),
('\'t Veld'),
('\'t Zand'),
('\'t zandt'),
('aa en Hunze'),
('aalburg'),
('aalden'),
('aalsmeer'),
('aalst (gld)'),
('aalten'),
('aardenburg'),
('aarle-Rixtel'),
('abbekerk'),
('abbenbroek'),
('abbenbroek'),
('Abbenes'),
('abcoude'),
('Achterveld'),
('achthuizen'),
('achtkarspelen'),
('achtmaal'),
('achtmaal'),
('aerdenhout'),
('afferden'),
('akersloot'),
('akkrum'),
('albergen'),
('alblasserdam'),
('albrandswaard'),
('aldtsjerk'),
('alem'),
('alkmaar'),
('almelo'),
('almen'),
('almere'),
('almere Buiten'),
('almere Haven'),
('almere Stad'),
('almkerk'),
('alphen (nb)'),
('alphen aan den Rijn'),
('alphen-Chaam'),
('alteveer'),
('alteveer gn'),
('altforst'),
('ambt'),
('ameide'),
('ameland'),
('america'),
('amerongen'),
('amersfoort'),
('ammerstol'),
('ammerzoden'),
('amstelhoek'),
('amstelveen'),
('amstenrade'),
('amsterdam'),
('amsterdam Zuid-Oost'),
('amsterdam-Duivendrecht'),
('amsterdam-West'),
('amsterdam-Zuid'),
('andelst'),
('anderen'),
('andijk'),
('ane'),
('ane'),
('angeren'),
('ankeveen'),
('anloo'),
('anna paulowna'),
('annen'),
('annerveenschekanaal'),
('antwerpen (B)'),
('apeldoorn'),
('appelscha'),
('appeltern'),
('appignano (IT)'),
('appingedam'),
('arcen'),
('arcen en Velden'),
('arkel'),
('arnemuiden'),
('arnhem'),
('arrien'),
('arum'),
('asperen'),
('assen'),
('assendelft'),
('asten'),
('aubel (B)'),
('augustinusga'),
('austerlitz'),
('avenhorm'),
('avezaath'),
('axel'),
('azewijn'),
('baaiduinen'),
('baak'),
('baambrugge'),
('baard'),
('baard'),
('baarland'),
('baarle-Nassau'),
('baarlo'),
('baarn'),
('baars'),
('baarschot'),
('babberich'),
('bad Neuenahr/Dresden'),
('badhoevedorp'),
('baexem'),
('baflo'),
('bakel'),
('bakhuizen'),
('bakkeveen'),
('balen'),
('balk'),
('balkbrug'),
('bant'),
('Barcelona (SP)'),
('barchem'),
('barendrecht'),
('barger-Compascuum'),
('barger-Compascuum'),
('barneveld'),
('barvaux sur Ourthe (B)'),
('batenburg'),
('batenburg'),
('bathmen'),
('bavel'),
('bavikhove'),
('bedum'),
('beegden'),
('beegden'),
('Beek (gld)'),
('beek (l)'),
('beek (lb)'),
('beek en Donk'),
('beek-Ubbergen'),
('beekbergen'),
('beemster'),
('beemte broekland'),
('beemte broekland'),
('beers'),
('beerzerveld'),
('beerzerveld'),
('beesd'),
('beesel'),
('beetgum'),
('beetsterzwaag'),
('beilen'),
('beinsdorp'),
('belfeld'),
('bellegem'),
('bellingwedde'),
('bellingwolde'),
('belt-Schutsloot'),
('beltrum'),
('bemmel'),
('beneden-Leeuwen'),
('bennebroek'),
('bennekom'),
('benneveld'),
('benningbroek'),
('benschop'),
('bentelo'),
('benthuizen'),
('bentveld'),
('Berchem (B)'),
('berchsenhoek'),
('berg aan de Maas'),
('berg en dal'),
('berg en Terblijt'),
('bergambacht'),
('bergeijk'),
('bergen (l)'),
('bergen (nh)'),
('bergen op Zoom'),
('bergentheim'),
('bergharen'),
('berghem'),
('bergschenhoek'),
('beringe'),
('beritsum'),
('beritsum'),
('berkel en Rodenrijs'),
('berkel-Enschot'),
('berkelland'),
('berkenwoude'),
('berkhout'),
('berlicum'),
('berlikum'),
('berltsum'),
('bernheze'),
('bernisse'),
('best'),
('beugen'),
('beuningen'),
('beusichem'),
('Beveren (B)'),
('beveren-Leie (B)'),
('beverwijk'),
('biddinghuizen'),
('bierbeek (B)'),
('biervliet'),
('biest-Houtakker'),
('biezenmortel'),
('bilthoven'),
('bingelrade'),
('binnenmaas'),
('Birkenfeld (D)'),
('bitburg (D)'),
('bladel'),
('blankenham'),
('blaricum'),
('blauwhuis'),
('blauwhuis'),
('bleiswijk'),
('blerick'),
('blijham'),
('blitterswijck'),
('blitterswijck'),
('bloemendaal'),
('blokker'),
('blokzijl'),
('boarnsterhim'),
('bocholtz'),
('bodegraven'),
('bodegraven-Reeuwijk'),
('boekel'),
('boekelo'),
('boelenslaan'),
('boerdonk'),
('boesingheliede'),
('bolsward'),
('bonheiden (B)'),
('bontebok'),
('bontebok'),
('borculo'),
('borger'),
('borger-Odoorn'),
('borgercompanie'),
('Borgloon (B)'),
('borgo san Dalmazzo (IT)'),
('borkel en Schaft'),
('born'),
('borne'),
('bornerbroek'),
('bornhem (B)'),
('borsele'),
('bosch en Duin'),
('boskoop'),
('bosschenhoofd'),
('botlek'),
('botlek rotterdam'),
('boulder (VS)'),
('bourtange'),
('bouwel (B)'),
('boven-Leeuwen'),
('bovenkarspel'),
('bovensmilde'),
('boxmeer'),
('boxtel'),
('bozum'),
('braamt'),
('brakel'),
('brakel'),
('brandwijk'),
('brasschaat (B)'),
('braunsweich (D)'),
('brecht (B)'),
('breda'),
('Bredene (B)'),
('bredevoort'),
('bredevoort'),
('breedenbroek'),
('breezand'),
('breskens'),
('breukelen'),
('brielle'),
('britsum'),
('broek'),
('broek in waterland'),
('broek op Langedijk'),
('broekhuizen'),
('broekhuizenvorst'),
('broekland'),
('broekland'),
('broeksterwald'),
('bronckhorst'),
('brouwershaven'),
('brucht'),
('brugge (B)'),
('brugge Assebroek (B)'),
('bruinerveen'),
('bruinisse'),
('brummen'),
('brunssum'),
('brussel (B)'),
('buchten'),
('budel'),
('buggenum'),
('buggenum'),
('Buinen'),
('Buinerveen'),
('buitenkaag'),
('buitenpost'),
('bunde'),
('bunne'),
('bunne'),
('bunnik'),
('bunschoten'),
('Burdaard'),
('buren'),
('buren (fr)'),
('buren fr'),
('burgerbrug'),
('burgerveen'),
('burgh-Haamstede'),
('burgum'),
('burgwerd'),
('burgwerd'),
('burum'),
('burum'),
('bussum'),
('buurmalsen (gld)'),
('cadier en Keer'),
('cadzand'),
('capelle aan den IJssel'),
('castelre'),
('castenray'),
('castricum'),
('chaam'),
('charlois'),
('chicago (VS)'),
('clinge'),
('coevorden'),
('colijnsplaat'),
('colmschate'),
('cothen'),
('countycork (IRL)'),
('cranendonck'),
('Creil'),
('cromstrijen'),
('cromvoirt'),
('cruquius'),
('cuijk'),
('culemborg'),
('daarlerveen'),
('dalen'),
('dalerveen'),
('dalfsen'),
('damme (D)'),
('damwald'),
('damwald'),
('damwoude'),
('dantumadiel'),
('de aldtsjerk'),
('de Bilt'),
('de Blesse'),
('de cocksdorp'),
('de Goorn'),
('de Heurne'),
('de hoef'),
('de Hoef'),
('de Hoeve'),
('de hoeve'),
('de Kiel'),
('de Klomp'),
('de Koog'),
('de Krim'),
('de Kwakel'),
('de Lier'),
('de Lutte'),
('de Marne'),
('de Meern'),
('de Moer'),
('de Mortel'),
('de Pijp'),
('de Rijp'),
('de Rips'),
('de Ronde Venen'),
('de Steeg'),
('De waal'),
('de weere'),
('de Weere'),
('de Westereen'),
('de Wijk'),
('de Wilp'),
('de Wolden'),
('dedemsvaart'),
('deest'),
('deil'),
('deinze (B)'),
('delden'),
('delfgauw'),
('delfstrahuizen'),
('delft'),
('delfzijl'),
('den Bosch'),
('den Burg'),
('den Dolder'),
('den Dungen'),
('den Haag'),
('den Haag Forepark'),
('den Haag Westvliet'),
('den Haag Zichtenburglaan'),
('den Ham'),
('den Helder'),
('den Hoorn'),
('den Hout'),
('den oever'),
('Den Oever'),
('den velde'),
('den Velde'),
('denekamp'),
('denema (DN)'),
('dessel (B)'),
('Destelbergen (B)'),
('deurne'),
('deurningen'),
('deurningen'),
('deventer'),
('didam'),
('diegem (B)'),
('diemen'),
('diepenbeek (B)'),
('diepenheim'),
('Diepenveen'),
('dieren'),
('diessen'),
('diever'),
('diffelen'),
('dilsen (B)'),
('dinkelland'),
('dinteloord'),
('dinther'),
('dinxperlo'),
('dirkshorn'),
('dirksland'),
('dishoek'),
('dodewaard'),
('doenrade'),
('doesburg'),
('doetinchem'),
('Dohr (D)'),
('dokkum'),
('doldersum'),
('domburg'),
('dommelen'),
('donderen'),
('donderen'),
('dongen'),
('dongeradeel'),
('dongjum'),
('dongjum'),
('doniaga'),
('donkerbroek'),
('doorn'),
('doornenburg'),
('doornspijk'),
('doorwerth'),
('dordrecht'),
('dordrecht'),
('dorst'),
('dortmund (D)'),
('drachten'),
('drachtstercompagnie'),
('drachtstercompagnie'),
('drechterland'),
('dreischor'),
('drempt'),
('dreumel'),
('driebergen'),
('driebergen-Rijsenburg'),
('driebruggen'),
('driehuis'),
('driel'),
('driezum'),
('drimmelen'),
('Drogeham'),
('dronrijp'),
('dronten'),
('drouwenermond'),
('drouwenerveen'),
('drouwenerveen'),
('drunen'),
('druten'),
('duiven'),
('duivendrecht'),
('duizel'),
('dusseldorf (D)'),
('dussen'),
('dwingeloo'),
('eagum'),
('eagum'),
('earnewald'),
('eastermar'),
('echt'),
('echt-Susteren'),
('eck en Wiel'),
('eckelrade'),
('edam'),
('ede'),
('ederveen'),
('eede'),
('eefde'),
('eelde'),
('eelderwolde'),
('eemnes'),
('eemsmond'),
('een West'),
('Eenrum'),
('eerbeek'),
('eersel'),
('ees'),
('eesveen'),
('eethen'),
('eext'),
('eexterveenschekanaal'),
('egmond aan den Hoef'),
('egmond aan Zee'),
('Egmond-Binnen'),
('eibergen'),
('eijsden'),
('eijsden-Margraten'),
('eindhoven'),
('einighausen'),
('elahuizen'),
('elburg'),
('elim'),
('ell'),
('ellecom'),
('ellemeet'),
('elp'),
('elshout'),
('elsloo'),
('elspeet'),
('elst'),
('emmeloord'),
('emmen'),
('emmer-Compascuum'),
('emmerich (D)'),
('Emmerich am Main (D)'),
('emmerich am Rhein (D)'),
('Emst'),
('engeland'),
('engelum'),
('engwierum'),
('engwierum'),
('enkhuizen'),
('Enns (AUT)'),
('ens'),
('enschede'),
('enspijk'),
('enter'),
('epe'),
('epen'),
('erica'),
('erichem'),
('erkelenz (D)'),
('erm'),
('ermelo'),
('erp'),
('erpe Meere (B)'),
('esbeek'),
('esch'),
('esch'),
('escharen'),
('espel'),
('est'),
('estenfeld (D)'),
('etten'),
('etten gld'),
('etten-Leur'),
('europoort'),
('europoort rotterdam'),
('evergem (B)'),
('ewijk'),
('Exloermond'),
('exloo'),
('eygelshoven'),
('eys'),
('ezinge'),
('farmsum'),
('feanwalden'),
('feerwerd'),
('feerwerd'),
('ferwerderadiel'),
('ferwert'),
('fijnaart'),
('finsterwolde'),
('folsgare'),
('folsgare'),
('foxhol'),
('foxhol'),
('franeker'),
('franekeradeel'),
('frankfurt am Main (D)'),
('furth (D)'),
('gaanderen'),
('gaasterlan-Sleat'),
('galder'),
('galder'),
('gameren'),
('ganshoren (B)'),
('garderen'),
('garmerwolde'),
('garyp'),
('gassel'),
('gasselte'),
('gasselternijveen'),
('gasselternijveen'),
('gastel'),
('gasteren'),
('geel (B)'),
('geertruidenberg'),
('geervliet'),
('gees'),
('geesbrug'),
('geesbrug'),
('geesteren'),
('geesteren gld'),
('geffen'),
('geijsteren'),
('gelderingen'),
('geldermalsen'),
('geldrop'),
('geldrop-Mierlo'),
('geleen'),
('gemert'),
('gemert-Bakel'),
('gemonde'),
('gendringen'),
('gendt'),
('genemuiden'),
('genk (B)'),
('gennep'),
('gent (B)'),
('Gerkesklooster'),
('geulle'),
('gierle (B)'),
('giesbeek'),
('giessen'),
('giessenburg'),
('giessenlanden'),
('gieten'),
('gieterveen'),
('gieterveen'),
('giethmen'),
('Giethoorn'),
('gilze'),
('gilze en Rijen'),
('glimmen'),
('goedereede'),
('goes'),
('goingarijp'),
('goirle'),
('goor'),
('gorinchem'),
('gorredijk'),
('gorssel'),
('gouda'),
('goudargues (FR)'),
('goude'),
('goudriaan'),
('goudswaard'),
('goudswaard'),
('goutum'),
('graauw'),
('graft-de Rijp'),
('gramsbergen'),
('grathem'),
('grave'),
('grevelingenmeer'),
('grevenbicht'),
('griendtsveen'),
('griendtsveen'),
('grijpskerk'),
('groede'),
('groenekan'),
('groenekan'),
('groenlo'),
('groesbeek'),
('groet'),
('groet'),
('grolloo'),
('groningen'),
('gronsveld'),
('groot-Ammers'),
('Groot-Genhout'),
('grootebroek'),
('grootegast'),
('grootschermer'),
('grorinchem'),
('grou'),
('grubbenvorst'),
('gulpen'),
('gulpen-Wittem'),
('gut Linde (B)'),
('gytsjerk'),
('gytsjerk'),
('haaften'),
('haaksbergen'),
('haalderen'),
('haaren'),
('haarle'),
('Haarle'),
('haarlem'),
('haarlemmerliede en Spaarnwoude'),
('haarlemmermeer'),
('haarlo'),
('haarsteeg'),
('haastrecht'),
('haelen'),
('hagestein'),
('haghorst'),
('haghorst'),
('halderberge'),
('Halen (B)'),
('haler'),
('halfweg'),
('hall'),
('halle'),
('hallum'),
('halsteren'),
('ham (B)'),
('hamburg (D)'),
('hamont (B)'),
('handel'),
('hank'),
('hansweert'),
('hansweert'),
('hantum'),
('hapert'),
('hapert'),
('haps'),
('harbrinkhoek'),
('hardenberg'),
('harderwijk'),
('hardinxveld-Giessendam'),
('haren'),
('harenkarspel'),
('harfsen'),
('harich'),
('haringhuizen'),
('haringhuizen'),
('harkema'),
('harkstede'),
('harlingen'),
('harmelen'),
('harreveld'),
('harreveld'),
('harskamp'),
('hasbergen (D)'),
('haskerdijken'),
('haskerdijken'),
('hasselt'),
('hasselt (B)'),
('hattem'),
('haule'),
('haulerwijk'),
('hauwert'),
('havelte'),
('hazerswoude Dorp'),
('hazerswoude Rijndijk'),
('hedel'),
('hedikhuizen'),
('hedikhuizen'),
('hee'),
('heeg'),
('heel'),
('heemskerk'),
('heemstede'),
('heenvliet'),
('heer'),
('heerde'),
('heerenveen'),
('heerewaarden'),
('heerewaarden'),
('heerhugowaard'),
('heerjansdam'),
('heerle'),
('heerlen'),
('heesch'),
('heeswijk-Dinther'),
('Heeten'),
('heeze'),
('heeze-Leende'),
('heibloem'),
('heijen'),
('heijningen'),
('heikant'),
('heikant'),
('heilo'),
('heiloo'),
('heinenoord'),
('heinkenszand'),
('heino'),
('heist op den Berg (B)'),
('hekelingen'),
('Hekendorp'),
('hekendorp'),
('helden'),
('helenaveen'),
('hellendoorn'),
('hellevoetsluis'),
('hellevoetsluis'),
('hellum'),
('helmond'),
('helvoirt'),
('hem'),
('hemiksem (B)'),
('hemrik'),
('hemrik'),
('hendrik-Ido-Ambacht'),
('hengelo'),
('hengelo (gld)'),
('hengelo (ov)'),
('hengevelde'),
('hengstdijk'),
('hengstdijk'),
('hensbroek'),
('herentals (B)'),
('herk-de-Stad (B)'),
('herkenbosch'),
('herkingen'),
('hernen'),
('herpen'),
('herten'),
('hertme'),
('herveld'),
('herwen'),
('herwijnen'),
('herwijnen'),
('het Bildt'),
('heteren'),
('heukelum'),
('heumen'),
('heusden'),
('heveadorp'),
('heythuisen'),
('Hezingen'),
('hierden'),
('hilaard'),
('hilaard'),
('hillegersberg'),
('hillegom'),
('hillegom (nh)'),
('hilvarenbeek'),
('hilversum'),
('hin'),
('hindeloopen'),
('hippolytushoef'),
('hobscheid (LUX)'),
('hoedekenskerke'),
('hoedekenskerke'),
('hoeilaart'),
('hoeilaart (B)'),
('hoek'),
('hoek'),
('hoek van Holland'),
('hoenderloo'),
('hoensbroek'),
('hoevelaken'),
('hoeven'),
('hof van Twente'),
('hollands Kroon'),
('hollandsche Rading'),
('hollandscheveld'),
('hollum'),
('holten'),
('holthees'),
('holthone'),
('holthone'),
('holtum'),
('holwerd'),
('holwierde'),
('holwierde'),
('hondsrugdorp'),
('honselersdijk'),
('hoofddorp'),
('hoofdplaat'),
('hoog soeren'),
('hoogblokland'),
('hoogblokland'),
('hooge Mierde'),
('hooge Zwaluwe'),
('hoogeloon'),
('hoogenweg'),
('hoogerheide'),
('hoogersmilde'),
('hoogeveen'),
('hoogezand'),
('hoogezand-Sappemeer'),
('hooghalen'),
('hoogkarspel'),
('hoogland'),
('hooglanderveen'),
('hooglanderveen'),
('hoogstraten (B)'),
('hoogvliet'),
('hoogwoud'),
('hoorn'),
('hoorn nh'),
('hoornaar'),
('horn'),
('horssen'),
('horst'),
('horst aan de Maas'),
('houten'),
('houthalem (B)'),
('huijbergen'),
('huis ter Heide'),
('huissen'),
('huizen'),
('hulsberg'),
('hulsel'),
('hulsel'),
('hulshorst'),
('Hulshout (B)'),
('hulst'),
('hummelo'),
('hunsel'),
('hurdergaryp'),
('hurwenen'),
('ieper (B)'),
('IJlst'),
('IJmuiden'),
('IJsselmuiden'),
('IJsselstein'),
('ijzendijke'),
('ilpendam'),
('Ingelmunster (B)'),
('ingelum'),
('ingelum'),
('ingen'),
('ingen'),
('it Heidenskip'),
('it Heidenskip'),
('ittervoort'),
('jabeek'),
('jelsum'),
('jelsum'),
('jisp'),
('jistrum'),
('jistrum'),
('jonkersvaart'),
('jordaan'),
('joure'),
('jubbega'),
('julianadorp'),
('jutrijp'),
('jutrijp'),
('kaag'),
('kaag en Braassem'),
('kaatsheuvel'),
('kahla (D)'),
('kamerik'),
('kampen'),
('kampenhout (B)'),
('kamperland'),
('kantens'),
('kapelle'),
('kapellebrug'),
('kats'),
('katwijk'),
('katwijk aan de Rijn'),
('katwijk aan zee'),
('katwoude'),
('kedichem'),
('kehl (D)'),
('keijenborg'),
('kelpen-Oler'),
('kerkdriel'),
('kerkenveld'),
('kerkrade'),
('kerkwerve'),
('kerkwijk'),
('kessel'),
('kesteren'),
('keulen (D)'),
('kiel-Windeweer'),
('kiel-windeweer'),
('kijkduin'),
('kirchhoven-Heimsberg (D)'),
('klaaswaal'),
('klarenbeek'),
('klazienaveen'),
('klein-Zundert'),
('kleve'),
('kleve (D)'),
('klijndijk'),
('klijndijk'),
('klimmen'),
('kloetinge'),
('kloosterburen'),
('kloosterhaar'),
('kloosterzande'),
('klundert'),
('knegsel'),
('Knesselare (B)'),
('knokke-Heist (B)'),
('kockengen'),
('koedijk'),
('koekange'),
('koewacht'),
('koggenland'),
('kohlscheid'),
('kolderwolde'),
('kolderwolde'),
('kolham'),
('kolhom'),
('kollum'),
('kollumerland en Nieuwkruisland'),
('kollumerpomp'),
('kollumerpomp'),
('kollumerzwaag'),
('kommerzijl'),
('koningsbosch'),
('kontich (B)'),
('koog aan de Zaan'),
('kootwijk'),
('kootwijkerboek'),
('kop van Zuid'),
('korendijk'),
('kortenhoef'),
('kortgene'),
('kortrijk (B)'),
('Koudekerk aan de Rijn'),
('koudekerke'),
('koudum'),
('krabbendijke'),
('kraggenburg'),
('krewerd'),
('krewerd'),
('krimpen aan de Lek'),
('krimpen aan den IJssel'),
('krommenie'),
('kroonenberg'),
('kropswolde'),
('kropswolde'),
('kruibeke (B)'),
('kruiningen'),
('Kruishoutem (B)'),
('kruisland'),
('Kudelstaart'),
('kuinre'),
('kuitaart'),
('kuitaart'),
('kwadendamme'),
('kwadendamme'),
('kwadijk'),
('kwintsheul'),
('laag Soeren'),
('laage vuursche'),
('laarbeek'),
('laarne (B)'),
('lage Mierde'),
('lage vuursche'),
('lage Vuursche'),
('lage Zwaluwe'),
('lageland'),
('lanaken (B)'),
('landerd'),
('landgraaf'),
('landsmeer'),
('langbroek'),
('langbroek'),
('langedijk'),
('langelille'),
('langenboom'),
('langenboom'),
('langerak'),
('langeveen'),
('langeweg'),
('langeweg'),
('langezwaag'),
('langezwaag'),
('langweer'),
('lansingerland'),
('laren'),
('laren (nh)'),
('lathum'),
('lauwersoog'),
('lebbeke-Wieze (B)'),
('leek'),
('leende'),
('leens'),
('leerbroek'),
('leerdam'),
('leermens'),
('leersum'),
('leeuwarden'),
('leeuwarderadeel'),
('leiden'),
('leiderdorp'),
('leidschendam'),
('leidschendam-Voorburg'),
('leimuiden'),
('lekkerkerk'),
('lekkum'),
('lelystad'),
('lemele'),
('lemelerveld'),
('lemiers'),
('lemmer'),
('lemsterland'),
('lengel'),
('lent'),
('lepelstraat'),
('lepelstraat'),
('leudal'),
('leudelange (LUX)'),
('leunen'),
('leusden'),
('leusderkwartier'),
('leuth'),
('Leuvenheim'),
('leuze-en-Hainaut (B)'),
('leveroy'),
('lewedorp'),
('lexmond'),
('lichtenvoorde'),
('liempde'),
('Lienden'),
('lierop'),
('lieshout'),
('liessel'),
('lievelde'),
('lijnden'),
('limbricht'),
('limmen'),
('linden'),
('lingewaal'),
('lingewaard'),
('linne'),
('linschoten'),
('lintelo'),
('lippenhuizen'),
('lisse'),
('lisserbroek'),
('lith'),
('lithoijen'),
('littenseradiel'),
('lobith'),
('lochem'),
('lodivecchio (IT)'),
('loenen'),
('loenen aan de vecht'),
('lohne (D)'),
('lollum'),
('lomm'),
('lommel (B)'),
('londen (ENG)'),
('londerzeel (B)'),
('loon op Zand'),
('loosdrecht'),
('lopik'),
('Lopikerkapel'),
('loppersum'),
('losser'),
('lottum'),
('luchthaven Schiphol'),
('lunteren'),
('Lustin (B)'),
('lutjebroek'),
('lutjebroek'),
('lutjegast'),
('lutjegast'),
('Luttelgeest'),
('lutten'),
('luttenberg'),
('luttenberg'),
('luxemburg (LUX)'),
('luyksgestel'),
('M&ucirc;nein'),
('maarheeze'),
('maarn'),
('maarsbergen'),
('maarsbergen'),
('maarssen'),
('maartensdijk'),
('maasbommel'),
('maasbommel'),
('maasbracht'),
('maasbree'),
('maasdam'),
('maasdijk'),
('maasdonk'),
('maasdriel'),
('maaseik'),
('maaseik (B)'),
('maasgouw'),
('maashees'),
('maasland'),
('maasmechelen (B)'),
('maasniel'),
('maassluis'),
('maastricht'),
('maastricht-Airport'),
('macharen'),
('made'),
('Madrid (SP)'),
('maisach (D)'),
('makkinga'),
('makkum'),
('malden'),
('Malle (B)'),
('malm&ouml; (SE)'),
('Malmedy (B)'),
('mander'),
('manderveen'),
('mantinge'),
('margraten'),
('maria-Hoop'),
('mariënberg'),
('marienheem'),
('markelo'),
('marken'),
('marknesse'),
('marrickville (AUS)'),
('marrum'),
('marsum'),
('marsum'),
('marum'),
('mastenbroek'),
('Maurik'),
('mechelen'),
('mechelen (B)'),
('medemblik'),
('meeden'),
('meer (B)'),
('meerkerk'),
('meern'),
('meern'),
('meersel-Dreef (B)'),
('meerssen'),
('meerstad'),
('meetkerke (B)'),
('meeuwen'),
('megchelen'),
('Megen'),
('meijel'),
('melderslo'),
('melick'),
('melissant'),
('menaldum'),
('menameradiel'),
('menterwolde'),
('meppel'),
('meppen'),
('merksel (B)'),
('merksem (B)'),
('merselo'),
('merselo'),
('mesch'),
('meteren'),
('meterik'),
('meterik'),
('metslawier'),
('Mheer'),
('middelaar'),
('middelbeers'),
('middelburg'),
('middelharnis'),
('Middelstum'),
('midden-Delfland'),
('midden-Drenthe'),
('middenbeemster'),
('middenmeer'),
('midlum'),
('midsland'),
('midwolda'),
('midwoud'),
('mierlo'),
('mijdrecht'),
('mijndrecht'),
('mijnsheerenland'),
('milaan (IT)'),
('mildam'),
('milheeze'),
('mill'),
('mill en Sint Hubert'),
('millingen aan de Rijn'),
('milsbeek'),
('minnertsga'),
('mirns'),
('moerdijk'),
('moergestel'),
('moerkapelle'),
('moerkerke (B)'),
('moerkerke (b)'),
('moerstraten'),
('mol (B)'),
('molenaarsgraaf'),
('molenaarsgraaf'),
('molenhoek'),
('molenland'),
('molenschot'),
('monnickendam'),
('monschau (D)'),
('monster'),
('mont Sainte Geneviev (B)'),
('montferland'),
('montfoort'),
('montfort'),
('mook'),
('mook en Middelaar'),
('moordrecht'),
('mouscron (B)'),
('muiden'),
('muiderberg'),
('munein'),
('munnekezijl'),
('munnekezijl'),
('munstergeleen'),
('muntendam'),
('mussel'),
('mussel'),
('musselkanaal'),
('naaldwijk'),
('naarden'),
('naarden-Vesting'),
('nagele'),
('namen (B)'),
('neder-Betuwe'),
('nederasselt'),
('nederasselt'),
('nederhemert'),
('nederhorst den Berg'),
('nederlek'),
('nederweert'),
('nederweert-Eind'),
('neede'),
('neer'),
('neerharen (B)'),
('neerijnen'),
('neerkant'),
('nes Ameland'),
('nes boarnsterhim'),
('netersel'),
('Netley (AUS)'),
('new Brighton (ENG)'),
('nibbixwoud'),
('niekerk'),
('nietap'),
('Nieuw balinge'),
('nieuw bergen'),
('nieuw Buinen'),
('nieuw Heeten'),
('nieuw Namen'),
('nieuw Namen'),
('nieuw Vennep'),
('nieuw Weerdinge'),
('nieuw- en Sint Joosland'),
('nieuw-Amsterdam'),
('Nieuw-beijerland'),
('nieuw-Buinen'),
('nieuw-Dordrecht'),
('nieuw-dordrecht'),
('nieuw-lekkerland'),
('nieuw-Roden'),
('nieuw-Schoonebeek'),
('nieuw-Stappegoor'),
('nieuw-Vennep'),
('nieuw-vossemeer'),
('nieuw-weerdinge'),
('nieuwaal'),
('nieuwaal'),
('nieuwdorp'),
('nieuwdorp'),
('nieuwe Niedorp'),
('nieuwe niedorp'),
('nieuwe Pekela'),
('nieuwe Wetering'),
('nieuwe-tonge'),
('nieuwegein'),
('nieuwehorne'),
('nieuwendijk'),
('nieuwer ter aa'),
('nieuwerbrug'),
('nieuwerkerk'),
('nieuwerkerk'),
('nieuwerkerk aan de IJssel'),
('nieuwerkerk aan den  IJssel'),
('nieuwersluis'),
('nieuweschans'),
('nieuwkoop'),
('nieuwkuijk'),
('nieuwlande'),
('nieuwleusen'),
('nieuwolda'),
('nieuwpoort'),
('nieuwstadt'),
('nieuwveen'),
('nieuwvliet'),
('nigtevegt'),
('nij Beets'),
('nijega'),
('nijega'),
('nijehaske'),
('nijemirdum'),
('nijeveen'),
('nijhehaske'),
('nijhuizum'),
('nijkerk'),
('nijkerkerveen'),
('nijmegen'),
('nijverdal'),
('nispen'),
('nispen'),
('nisse'),
('nisse'),
('nistelrode'),
('noardburgum'),
('noorbeek'),
('noord-Beveland'),
('noord-Scharwoude'),
('noordbeemster'),
('noordbeemster'),
('noordbroek'),
('noordeloos'),
('noorden'),
('noordenveld'),
('noordhoek'),
('noordlaren'),
('noordoostpolder'),
('noordscheschut'),
('noordwelle'),
('noordwijk'),
('noordwijkerhout'),
('noordwolde'),
('nootdorp'),
('norg'),
('northhampton (ENG)'),
('nuenen'),
('nuenen'),
('nuenen, Gerwen en Nederwetten'),
('nuis'),
('nuland'),
('numansdorp'),
('nunspeet'),
('nurnberg (D)'),
('nuth'),
('obbicht'),
('obdam'),
('ochten'),
('odijk'),
('odiliapeel'),
('odoorn'),
('oeffelt'),
('oegstgeest'),
('oenkerk'),
('oentsjerk'),
('oentsjerk'),
('Oh&eacute; en Laak'),
('oijen'),
('oirlo'),
('oirsbeek'),
('oirsbeek'),
('oirschot'),
('oisterwijk'),
('oldambt'),
('oldeberkoop'),
('oldebroek'),
('oldeholtwolde'),
('oldehove'),
('oldemarkt'),
('oldenzaal'),
('Olen (B)'),
('olst'),
('olst-Wijhe'),
('ommel'),
('ommen'),
('ommeren'),
('ommeren'),
('Onbekende stad'),
('onderbanken'),
('onderdijk'),
('onna'),
('onna'),
('onnen'),
('onstwedde'),
('ooij'),
('ooltgensplaat'),
('oost Gelre'),
('oost-, west- en middelbeers'),
('oost-Maarland'),
('oost-Souburg'),
('oostburg'),
('oostdijk'),
('oosteinde'),
('oosterbeek'),
('oosterblokker'),
('oosterend-terschelling'),
('oosterend-texel'),
('oosterhesselen'),
('oosterhout'),
('oosterhout nb'),
('oosternijkerk'),
('oosterstreek'),
('oosterwolde'),
('oosterzee'),
('oostflakkee'),
('oosthem'),
('oosthem'),
('oosthuizen'),
('oostkapelle'),
('oostrum'),
('ooststellingwerf'),
('oostvoorne'),
('oostwold'),
('oostwold gem leek'),
('oostwoud'),
('oostzaan'),
('ootmarsum'),
('opeinde'),
('opende'),
('ophemert'),
('opheusden'),
('opijnen'),
('oploo'),
('oploo'),
('opmeer'),
('opmeer (nh)'),
('opperdoes'),
('opsterland'),
('Oranje'),
('oranjewoud'),
('Orvelte'),
('ospel'),
('oss'),
('ossendrecht'),
('oterleek'),
('otterlo'),
('ottersum'),
('ottoland'),
('ottoland'),
('oud Borne'),
('oud Gastel'),
('oud Valkeveen'),
('oud-Alblas'),
('oud-Beijerland'),
('oud-Vossemeer'),
('oud-zuilen'),
('ouddorp'),
('ouddorp (zh)'),
('oude IJsselstreek'),
('oude Pekela'),
('Oude Wetering'),
('oude-Tonge'),
('oudega smallingerland'),
('oudega sudwest-fryslan'),
('oudega-smallingerlind'),
('oudehaske'),
('oudelande'),
('oudemirdum'),
('oudenbosch'),
('oudendijk'),
('oudendijk'),
('ouder-Amstel'),
('ouderkerk'),
('ouderkerk aan de Amstel'),
('ouderkerk aan den IJssel'),
('oudeschild'),
('Oudeschoot'),
('oudewater'),
('oudheusden'),
('oudkarspel'),
('oudleusen'),
('oudleusen'),
('oudorp'),
('overasselt'),
('overberg'),
('overbetuwe'),
('overdinkel'),
('overloon'),
('overveen'),
('overzande'),
('ovezande'),
('pannerden'),
('pannerden'),
('panningen'),
('papendrecht'),
('papenvoort'),
('papenvoort'),
('Parijs (fr)'),
('paterswolde'),
('peel en Maas'),
('peize'),
('pekela'),
('pernis'),
('pesse'),
('petten aan Zee'),
('philippine'),
('piaam'),
('pieterburen'),
('pijnacker'),
('pijnacker-Nootdorp'),
('pingjum'),
('pingjum'),
('piraeus'),
('pittem (B)'),
('plasmolen'),
('poeldijk'),
('polsbroek'),
('poortugaal'),
('poortvliet'),
('poppel (B)'),
('posterholt'),
('prinsenbeek'),
('puiflijk'),
('puiflijk'),
('purmerend'),
('puth'),
('putte'),
('putten'),
('puttershoek'),
('puurs (B)'),
('Quenast (B)'),
('raalte'),
('raamsdonksveer'),
('raerd'),
('randwijk'),
('ransdaal'),
('ravenstein'),
('ravenswaaij'),
('ravenswaaij'),
('ravenswoud'),
('ravenswoud'),
('reek'),
('reeuwijk'),
('regio \'t Gooi'),
('regio Achterhoek'),
('regio Almelo-Hardenberg'),
('regio Amersfoort'),
('regio Amsterdam'),
('regio Amsterdam-Amstelveen'),
('regio Arnhem'),
('Regio Bergen op Zoom'),
('regio Bollenstreek'),
('regio Boxmeer'),
('regio Breda'),
('Regio Breda-Oosterhout'),
('regio Breda-Tilburg'),
('regio de Kempen'),
('regio Den Bosch'),
('regio Den Bosch-Rosmalen'),
('regio Deventer'),
('regio Doetinchem-Arnhem'),
('regio Dordrecht'),
('regio Drechtsteden'),
('regio Drechtsteden-Rotterdam'),
('regio Eindhoven'),
('regio Eindhoven-Den Bosch'),
('regio Emmen-Coevorden'),
('regio Giethoorn'),
('regio Goeree-Overflakkee'),
('regio Gouda'),
('regio Groningen'),
('regio Groningen-Zuid'),
('regio Haaglanden'),
('regio Heuvelland'),
('regio Hondsrug'),
('regio Hoogeveen'),
('regio Kop van Overijssel'),
('regio kustplaatsen Noord-Holland'),
('regio Leeuwarden'),
('regio Leiden'),
('regio Maastricht-Heerlen'),
('regio Maastricht-Heerlen-Valkenburg'),
('regio Midden-Brabant'),
('regio Midden-Limburg'),
('regio Midden-Nederland'),
('regio Midden-Nederland'),
('Regio Midden-Zuid Nederland'),
('regio Nijmegen'),
('regio Nijmegen-Venlo'),
('regio Noord-Limburg'),
('Regio Noord-Nederland'),
('regio Noord-Oost friesland'),
('regio Noord-Oost Groningen'),
('regio Noord-Oost Nederland'),
('regio Noord-Oost Overijssel'),
('regio Noord-Oost Veluwerand'),
('regio Noord-West Overijssel'),
('regio Noordelijke Veluwezoom'),
('regio Oost-Brabant'),
('regio Oost-Nederland'),
('regio Oosterhout'),
('regio rand van de Veluwe'),
('regio Randstad'),
('regio Schiphol'),
('regio Tilburg'),
('regio Tilburg-Den Bosch'),
('regio Tilburg-Hilvarenbeek'),
('regio Tilburg-Oosterhout-Waalwijk'),
('regio Twente'),
('regio Utrecht'),
('regio Utrecht-Eindhoven'),
('regio Utrecht-Randstad'),
('regio Valkenburg aan den Geul'),
('regio Valkenswaard-Bergeijk-Eersel'),
('regio Vechtstreek'),
('regio Venlo'),
('regio Venlo-Venray'),
('regio Vianen-Cuijk'),
('regio Vinkeveense plassen'),
('regio Waddeneilanden'),
('regio West-Brabant'),
('regio West-Friesland'),
('regio Zeeuws-Vlaanderen'),
('regio Zuid-Beveland'),
('regio Zuid-Friesland'),
('regio Zuid-Limburg'),
('regio Zuid-Nederland'),
('regio Zuid-Oost brabant'),
('regio Zuid-Oost Drenthe'),
('regio Zuid-Oost Friesland'),
('regio Zuid-West Drenthe'),
('regio Zutphen'),
('regio Zwolle-Deventer'),
('reimerswaal'),
('reitsum'),
('reitsum'),
('rekem (B)'),
('rekken'),
('renesse'),
('Reninge (B)'),
('renkum'),
('Rennes Cedex (FR)'),
('renswoude'),
('retie (B)'),
('retranchement'),
('reusel'),
('reutum'),
('reuver'),
('rheden'),
('rheeze'),
('rhenen'),
('Rhoon'),
('ridderkerk'),
('riel'),
('Riethoven'),
('rietmolen'),
('rijckholt'),
('rijen'),
('rijkevoort'),
('rijnsaterwoude'),
('rijnsburg'),
('rijnwaarden'),
('rijnwoude'),
('rijpwetering'),
('rijsbergen'),
('rijsenhout'),
('rijssen'),
('rijssen-Holten'),
('rijswijk'),
('rilland'),
('riumst (B)'),
('rockanje'),
('roden'),
('roderwolde'),
('roderwolde'),
('roelofarendsveen'),
('roerdalen'),
('roermond'),
('rogat'),
('roggel'),
('rohel'),
('rohel'),
('rolde'),
('roosendaal'),
('roosteren'),
('rosmalen'),
('rossum'),
('rossum ov'),
('roswinkel'),
('rotem (B)'),
('rotselaar (B)'),
('rotsterhaule'),
('rotsterhaule'),
('rotterdam'),
('rotterdam Zuid'),
('rottevalle'),
('rottevalle'),
('rottum'),
('rouveen'),
('rouveen'),
('rozenburg'),
('rozendaal'),
('rucphen'),
('ruinen'),
('ruinerwold'),
('rumpt'),
('rutten'),
('rutten'),
('ruurlo'),
('ryptsjerk'),
('s gravenzande'),
('s heerenberg'),
('saasveld'),
('salzkotten (D)'),
('Sambeek'),
('san Vito al Tagliamento (IT)'),
('santpoort-Noord'),
('santpoort-Zuid'),
('sappemeer'),
('sarlat (FR)'),
('sas van gent'),
('sassenheim'),
('schagen'),
('schaijk'),
('schalkhaar'),
('schalkwijk'),
('scharendijke'),
('scharmer'),
('scharnegoutum'),
('scharsterburg'),
('schasterburg'),
('scheemda'),
('scheerwolde'),
('scheerwolde'),
('schelle (B)'),
('schermer'),
('schermerhorn'),
('scherpenisse'),
('scherpenzeel'),
('scheveningen'),
('schiedam'),
('schiermonnikoog'),
('schijf'),
('schijndel'),
('schijndel'),
('schilde (B)'),
('schildwolde'),
('schildwolde'),
('schimmert'),
('schin op Geul'),
('schinnen'),
('schinveld'),
('schipborg'),
('schipborg'),
('schiphol'),
('schipluiden'),
('schonwald (D)'),
('schoonebeek'),
('schoonhoven'),
('schoonloo'),
('schoonoord'),
('schoonrewoerd'),
('schoorl'),
('schoten (B)'),
('schouwen-Duiveland'),
('schuinesloot'),
('seelze (D)'),
('sellingen'),
('serooskerke'),
('seva Barcelona (SP)'),
('seva, bar (SP)'),
('sevenum'),
('sexbierum'),
('shanghai (CH)'),
('sibculo'),
('sibrandabuorren'),
('siddeburen'),
('siebengewald'),
('siegerswoude'),
('sijbekarspel'),
('sijberkarspel'),
('silvolde'),
('simonshaven'),
('simpelveld'),
('sinderen'),
('sint Agatha'),
('sint Annaparochie'),
('sint Anthonis'),
('sint geertruid'),
('sint hubert'),
('sint Hubert'),
('sint Jansklooster'),
('sint Jansklooster'),
('sint Jansteen'),
('sint Maartensburg'),
('sint maartensdijk'),
('sint Maartenszee'),
('sint Martens Latem (B)'),
('sint Nicolaasga'),
('sint Odili&euml;nberg'),
('sint Odiliënberg'),
('sint Oedenrode'),
('sint pancras'),
('Sint Philipsland'),
('sint Willebrord'),
('sint-annaland'),
('sint-Jacobiparochie'),
('sint-jacobiparochie'),
('sint-Job-in-\'t-Goor (B)'),
('sint-kateline-waver (B)'),
('sint-Michielsgestel'),
('sint-Oedenrode'),
('sint-Truiden (B)'),
('sirjansland'),
('sittard'),
('sittard-Geleen'),
('slagharen'),
('sleen'),
('sleeuwijk'),
('slenaken'),
('sliedrecht'),
('slijk-Ewijk'),
('slochteren'),
('slootdorp'),
('sloten (fr)'),
('sloten fr'),
('sluis'),
('sluiskil'),
('smallingerland'),
('smeermaas (B)'),
('smilde'),
('snakkerburen'),
('sneek'),
('soest'),
('soesterberg'),
('solingen (D)'),
('someren'),
('sommelsdijk'),
('son'),
('son en Breugel'),
('spaar'),
('spaarndam'),
('spaarne'),
('spakenburg'),
('spanbroek'),
('spanbroek'),
('spankeren'),
('spankeren'),
('spaubeek'),
('spijk'),
('spijk (gr)'),
('spijk gld'),
('spijkenisse'),
('sprang-Capelle'),
('sprundel'),
('st. Job in het Goor (B)'),
('stad aan \'t Haringvliet'),
('stad aan \'t haringvliet'),
('Stadsdeel de Baarsjes'),
('stadskanaal'),
('stampersgat'),
('stampersgat'),
('standaardbuiten'),
('standaardbuiten'),
('standdaarbuiten'),
('staphorst'),
('starnmeer'),
('stavenisse'),
('stavoren'),
('stede Broec'),
('steenbergen'),
('steenderen'),
('steensel'),
('steenwijk'),
('steenwijkerland'),
('steggerda'),
('stein'),
('stellendam'),
('sterksel'),
('Stevensbeek'),
('stevensweert'),
('steyl'),
('stichtse Vecht'),
('stieltjeskanaal'),
('stiens'),
('stokkum'),
('stolwijk'),
('stolwijk'),
('stompetoren'),
('stompwijk'),
('stoutenburg'),
('stoutenburg'),
('stramproy'),
('streefkerk'),
('striep'),
('striep'),
('Strijbeek'),
('strijen'),
('stroe'),
('stroobos'),
('sudwest Fryslan'),
('sumar'),
('surhuisterveen'),
('surhuizum'),
('surhuizum'),
('susteren'),
('suwald'),
('suwald'),
('swalmen'),
('sweikhuizen'),
('swifterbant'),
('swifterbant'),
('Swindon (eng)'),
('swolgen'),
('t harde'),
('t Veld'),
('tegelen'),
('ten Boer'),
('ten Post'),
('ter Aar'),
('ter Apel'),
('ter heij'),
('ter heijde aan zee'),
('terborg'),
('terheijden'),
('terherne'),
('terkaple'),
('Ternat (B)'),
('terneuzen'),
('terschelling'),
('terschelling West'),
('terschuur'),
('terwolde'),
('teteringen'),
('teuge'),
('Teuven (B)'),
('texel'),
('teylingen'),
('thesinge'),
('theux (B)'),
('tholen'),
('thorn'),
('tiel'),
('tielen (B)'),
('tiendeveen'),
('tiendeveen'),
('tienhoven'),
('tienhoven ut'),
('tienray'),
('tijnje'),
('tilburg'),
('tilligte'),
('tilligte'),
('tinte'),
('tjalleberd'),
('tolbert'),
('toldijk'),
('toldijk'),
('tolkamer'),
('tollebeek'),
('tricht'),
('tubbergen'),
('tuitjenhorn'),
('tuk'),
('turnhout (B)'),
('Tuttlingen (D)'),
('twekkelo'),
('twello'),
('twenterand'),
('twijzel'),
('twijzelerheide'),
('tynaarlo'),
('tytsjerk'),
('tytsjerksteradiel'),
('tzum'),
('Tzummarum'),
('ubachsberg'),
('ubbena'),
('ubbergen'),
('uden'),
('udenhout'),
('uffelte'),
('ugchelen'),
('uitgeest'),
('uitgeest'),
('uithoorn'),
('uithuizen'),
('uithuizermeeden'),
('uitwellingerga'),
('uitwellingerga'),
('ulestraten'),
('ulft'),
('ulicoten'),
('ulicoten'),
('ulrum'),
('ulvenhout '),
('ureterp'),
('urk'),
('urmond'),
('ursem'),
('utrecht'),
('utrechtse Heuvelrug'),
('vaals'),
('vaassen'),
('valburg'),
('valburg'),
('Valkenburg'),
('Valkenburg aan de Geul'),
('valkenisse'),
('valkenswaard'),
('valthermond'),
('varsseveld'),
('vasse'),
('veelerveen'),
('veen'),
('veendam'),
('veenendaal'),
('veenhuizen'),
('veenoord'),
('veenoord'),
('veere'),
('veessen'),
('veessen'),
('veghel'),
('velddriel'),
('velden'),
('veldhoven'),
('velp'),
('velsen'),
('velsen-Noord'),
('velserbroek'),
('ven-Zelderheide'),
('Venego (IT)'),
('venhorst'),
('venhuizen'),
('venlo'),
('venlo-Blerick'),
('venray'),
('verrebroek (B)'),
('vessem'),
('vianen'),
('vichte (B)'),
('vierhouten'),
('vierlingsbeek'),
('vierpolders'),
('vijfhuizen'),
('vijlen'),
('Villepinte (FR)'),
('vinkenbuurt'),
('vinkeveen'),
('vittorio Veneto (IT)'),
('vlaardingen'),
('vlagtwedde'),
('vledder'),
('vleuten'),
('vleuten-de Meern'),
('vlieland'),
('vlierden'),
('vlijmen'),
('vlissingen'),
('vlist'),
('vlodrop'),
('voerendaal'),
('vogelenzang'),
('vogelwaarde'),
('volendam'),
('volkel'),
('Vollenhove'),
('vondelingenplaat'),
('voorburg'),
('voorhout'),
('voorschoten'),
('voorst'),
('voorthuizen'),
('vorden'),
('vortum-Mullem'),
('vragender'),
('vragender'),
('vreeland'),
('vrienzenveen'),
('vries'),
('vriezenveen'),
('vroomshoop'),
('vrouwenakker'),
('vrouwenparochie'),
('vrouwenpolder'),
('vught'),
('waalre'),
('waalwijk'),
('waardenburg'),
('waarder'),
('waarland'),
('wachtum'),
('waddinxveen'),
('wagenberg'),
('wagenberg'),
('wagenborgen'),
('wagenborgen'),
('wageningen'),
('wahlwiller'),
('walbeck (D)'),
('walcheren'),
('walterswald'),
('wamel'),
('wanneperveen'),
('wanroij'),
('wanroij'),
('wanssum'),
('wapenveld'),
('warder'),
('waregem (B)'),
('warffum'),
('warmenhuizen'),
('warmond'),
('Warns'),
('warnsveld'),
('waskemeer'),
('waspik'),
('wassenaar'),
('wateren'),
('watergang'),
('wateringen'),
('waterland'),
('waterlandkerkje'),
('waubach'),
('waverveen'),
('weelde (B)'),
('weerdinge'),
('weerselo'),
('weert'),
('weesp'),
('wehl'),
('weiden (D)'),
('weiteveen'),
('wekerom'),
('well'),
('wellerlooi'),
('wemeldinge'),
('werkendam'),
('werkhoven'),
('wernhout'),
('wervershoof'),
('wervik (B)'),
('wesepe'),
('wessem'),
('west Maas en Waal'),
('west Terschelling'),
('west-Knollendam'),
('westbeemster'),
('westbroek'),
('westdorpe'),
('westenschouwen'),
('westerbork'),
('westergeest'),
('westerhaar-vriezenveensewijk'),
('westerhoven'),
('westershoof'),
('westerveld'),
('westervoort'),
('westhoek'),
('westhoek'),
('westkapelle'),
('westknollendam'),
('westland'),
('westmaas'),
('Westmalle (B)'),
('weststellingwerf'),
('westvoorne'),
('Westzaan'),
('weurt'),
('wevelgem (B)'),
('wezemaal (B)'),
('wezep'),
('wezuperbrug'),
('wierden'),
('wieringerwaard'),
('wieringerwerf'),
('wijchen'),
('wijdemeren'),
('wijdenes'),
('wijdewormer'),
('wijhe'),
('wijk aan Zee'),
('wijk bij Duurstede'),
('wijk en Aalburg'),
('wijlre'),
('wijnaldum'),
('wijnandsrade'),
('wijnjewoude'),
('wildervank'),
('wildeshausen (D)'),
('wilgen'),
('wilhelminadorp'),
('wilhelminadorp'),
('willemsoord'),
('willemsoord'),
('willemstad'),
('wilnis'),
('wilp'),
('windhof (LUX)'),
('winneweer'),
('winneweer'),
('winschoten'),
('winssen'),
('winsum'),
('wintelre'),
('wintelre'),
('winterswijk'),
('winterswijk-Corle'),
('winterswijk-Henxel'),
('winterswijk-Huppel'),
('winterswijk-Kotten'),
('winterswijk-Miste'),
('winterswijl-huppel'),
('wird'),
('wirdum'),
('wissenkerke'),
('witmarsum'),
('witte paarden'),
('wittem'),
('witteveen'),
('woensdrecht'),
('woerden'),
('wognum'),
('wolfenbuttel (D)'),
('wolfheze'),
('wolphaartsdijk'),
('wolvega'),
('wommelgem (B)'),
('workum'),
('wormer'),
('wormerland'),
('wormerveen'),
('wormerveer'),
('woubrugge'),
('woudenberg'),
('woudrichem'),
('woudsend'),
('Wouw'),
('wouwse'),
('wouwse plantage'),
('wytgaard'),
('wytgaard'),
('yerseke'),
('ypecolsga'),
('ysselstein'),
('zaamslag'),
('zaandam'),
('zaandijk'),
('zaanstad'),
('zaltbommel'),
('zandeweer'),
('zandhoven (B)'),
('zandhuizen'),
('zandhuizen'),
('zandpol'),
('zandvoort'),
('zaventem (B)'),
('zeddam'),
('zederik'),
('zeegse'),
('zeeland'),
('zeelst'),
('zeevang'),
('zeewolde'),
('zegge'),
('zegge'),
('zegveld'),
('zeijen'),
('zeijen'),
('zeist'),
('zelhem'),
('Zelzate (B)'),
('zenderen'),
('zennewijnen'),
('zennewijnen'),
('zetten'),
('zetten-Andelst'),
('zevenaar'),
('zevenaar'),
('zevenbergen'),
('zevenbergschen Hoek'),
('zevenbergschen hoek'),
('Zevenhoven'),
('zevenhuizen'),
('Zierikzee'),
('zijderveld'),
('zijderveld'),
('zijdewind'),
('zijpe'),
('zingem (B)'),
('zoelen'),
('zoersel (B)'),
('zoetermeer'),
('zoeterwoude'),
('zoeterwoude-Dorp'),
('zolder (B)'),
('zonhoven (B)'),
('zonnemaire'),
('zoutelande'),
('zoutkamp'),
('zuid Scharwoude'),
('zuid-beijerland'),
('zuidbroek'),
('zuidhorn'),
('zuidland'),
('zuidlaren'),
('zuidoostbeemster'),
('zuidplas'),
('zuidschermer'),
('zuidwolde'),
('zuidzande'),
('zundert'),
('zutphen'),
('zwaag'),
('zwaagdijk'),
('zwaagwesteinde'),
('zwagerbosch'),
('zwanenburg'),
('zwartebroek'),
('zwartebroek'),
('zwartemeer'),
('zwartemeer'),
('zwartewaal'),
('zwartewaal'),
('zwartewaterland'),
('zwartsluis'),
('zweeloo'),
('zweins'),
('zwiggelte'),
('zwijndrecht'),
('zwolle'),
('zwolle');

--
-- Indexen voor geëxporteerde tabellen
--

--
-- Indexen voor tabel `mhl_cities`
--
ALTER TABLE `mhl_cities`
  ADD PRIMARY KEY (`id`),
  ADD KEY `fk_city_commune` (`commune_ID`);

--
-- AUTO_INCREMENT voor geëxporteerde tabellen
--

--
-- AUTO_INCREMENT voor een tabel `mhl_cities`
--
ALTER TABLE `mhl_cities`
  MODIFY `id` int(11) NOT NULL AUTO_INCREMENT, AUTO_INCREMENT=10000;

--
-- Beperkingen voor geëxporteerde tabellen
--

--
-- Beperkingen voor tabel `mhl_cities`
--
ALTER TABLE `mhl_cities`
  ADD CONSTRAINT `fk_city_commune` FOREIGN KEY (`commune_ID`) REFERENCES `mhl_communes` (`id`) ON UPDATE CASCADE;
COMMIT;

/*!40101 SET CHARACTER_SET_CLIENT=@OLD_CHARACTER_SET_CLIENT */;
/*!40101 SET CHARACTER_SET_RESULTS=@OLD_CHARACTER_SET_RESULTS */;
/*!40101 SET COLLATION_CONNECTION=@OLD_COLLATION_CONNECTION */;
